Tweet,Value
"@lopezobrador_ MI PRESIDENTE.
#VOYMORENA2018",1
"@lopezobrador_ No cuentes conmigo, estar√© con Elenita y las juchitecas empanzon√°ndonos von cerveza, pero les deseo suerte.",-1
@lopezobrador_ Es honor seguirlo @lopezobrador_,1
@lopezobrador_ ¬°Arriba PEJE!.... Vamos por la PRESIDENCIA... a ver que sale... https://t.co/jsCra4gEBB,1
@lopezobrador_ #AMLO2018.. PRESIDENTE..,1
@lopezobrador_ Pongase a trabajar viejito chocho,-1
@lopezobrador_ No dodo que sea muy bonito. Pero ¬øT√ö QUE CHINGADA MADRE SABES DE CULTURA SI NI HABAR BIEN EL ESPA√ëOL PUEDES? Eres un pendejo. Y tu secretaria de turismo se dorm√≠a en juntas.,-1
@lopezobrador_ Vamos con el Mejor ALCALDE DEL MUNDO y por su Gran HONESTIDAD Y CALIDAD MORAL.. Por eso.. #MiVotoParaAMLO,1
"@lopezobrador_ Bonito lugar, l√°stima que a los #CentaverosDelPRIAN solo le interese las cantinas de malamuerte. En otro tema, Elenita mencion√≥ ""panzonas e inmensas"" y los cobardes PRIANistas ladraron ""panzonas y mensas"", as√≠ de  bestias. #FelizFinde a tod@s.",0
"@lopezobrador_ @JohnMAckerman Hay Ackerman, seg√∫n tu muy legal. Ves esta en campa√±a eterna tu mes√≠as. que se espera de alguien que funda su propio partido, se autodelara presidente y pr√≥ximamente candidato",-1
@lopezobrador_ y cual es la novedad?,0
"@lopezobrador_ Peje que si eres lagarto, que mentiroso eres, ya la je te no te cree",-1
"@lopezobrador_ No entiendo por qu√©, el que no est√° con AMLO, lo tratan de clasista y que odia uno a @lopezobrador_ ... El que no coincida con √©l no me hace peor persona. 
Y tengo una duda...de d√≥nde saca el recurso econ√≥mico para hacer sus viajes este se√±or?",-1
@lopezobrador_  https://t.co/UI5VxcwHgO,0
"@lopezobrador_ Dir√°n misa pero AMLO el mejor candidato y no lo digo yo, lo dicen  encuestas, redes sociales y medios internacionales  ....pese a quien le pese....Es el mejor.....",1
"@lopezobrador_ Don Andr√©s Manuel, inv√≠teme formar parte de  su cuerpo de colaboradores , sin contraprestaci√≥n alguna , tengo amplia experiencia en algunas materias , y puedo aportarle ideas y proyectos  objetivos.",1
@lopezobrador_ Sus dizque intelectuales son kk. Los dem√°s de mugrena son alba√±iles,-1
@lopezobrador_ s√≥lo quiere t√≠teres q voten por √©l y  los olvidar√° si consigue lo que quiere. Ese demente S√ìLO USA a la gente y la desecha.,-1
@lopezobrador_ Andr√©s excelente Pero d√©jame  darte un consejo   Re√∫ne Empresarios por regiones ejemplo de Oaxaca Guerrero y Chiapas p q propongan su plan  Re√∫ne empresarios d Sonora Chihuahua Coahuila Tamaulipas p q t propongan su plan y as√≠ sucesivamente   Regiones diferentes planes acordes,0
"@lopezobrador_ Surrealista es que la gente idiota piense que AMLO es un cambio, cuando fue un porro q se afilia al Pri cuando hab√≠a una persecuci√≥n vs todo aquel q se manifestara vs el sistema.
Hay que ser cortito muy cortito para apoyar a PRIMOR.üêñüê∑üêΩ",-1
@lopezobrador_ Con todo AMLO . CONFIA EN DIOS NUESTRO REDENTOR.,1
@lopezobrador_ De oquis,0
"@lopezobrador_ El Auditorio cobra, cu√°les son los or√≠genes de los recursos con los cuales pagar√°s la renta +  Sonido + propaganda + log√≠stica?? De donde?",0
@lopezobrador_ Espero q no sean profesionales que se tardaron 14 a√±os en graduarse as√≠ como Ud... xq entonces si ya nos cargo el payaso,-1
@lopezobrador_ Felicidades!!!!!üëèüèªüëèüèªüëèüèªüëèüèª,1
@lopezobrador_ Chachalaca vete  a tu ranchito que te regalo aquel s√∫per Nico con su sueldo de chofer algunos nos acordamos de lo rata que es,-1
"@lopezobrador_ AMLOVIVIDOR que vida de rey, se da este guevon estira la mano recibe $$$$ y se la pasa viajando. Que puede cambiar un hombre que es y se rodea de puro delincuente NADA.",-1
@lopezobrador_ La pol√≠tica y el poder para el bien social,1
@lopezobrador_ Despu√©s de 18 a√±os en campa√±a presidencial y al d√≠a de hoy a√∫n no tienes nada en concreto...,-1
"@lopezobrador_ Pinche @lopezobrador_ ya se cree Modelo de Televisa posando y ense√±ando las maravillas del Pa√≠s, como si eso no costara dinero y quien paga?",-1
"@lopezobrador_ Pinche viejito loco y payaso, anda posando y tom√°ndose fotos y videos por pa√≠s a cuenta de quien, quien paga el avi√≥n, traslados, etc...",-1
"@lopezobrador_ Turisteando, pero ¬øqui√©n est√° cuidando nuestro ""petrolio""?",-1
@lopezobrador_ Le vas a echar la culpa a los rusos?,0
@lopezobrador_ Q hueva da ver este contenido puras agresiones,1
@lopezobrador_ Mejor ponte a ayudar a los damnificados hijo de tu puta madre,-1
@lopezobrador_  En lugar de andar de huevon.  No deber√≠as  ayudar a los damnificados del sismo?  Hocicon.,-1
@lopezobrador_ @SLP_Estado Aca en la husteca no queremos culeros con todo respeto vaya y chingue a su puta madre pinche viejo nalgas miadasüòé,-1
"@lopezobrador_ Jajajajaja y siguen los boots a todo lo que dan, con su estrategia de hacer molestar a los simpatizantes de AMLO 2018,  Jajajajaja",1
@lopezobrador_ Surrealista mmm surrealista y mmm surrealista... jaja,0
@lopezobrador_ Gracias por presentar nuestra cultura,1
@lopezobrador_ En este plan contemplan evitar la corrupci√≥n entre sus colaboradores?,-1
@lopezobrador_ Cu√°ntos meses y cu√°les intelectuales? Elenita? Batres? Fdez Noro√±a?... EQUIPAZO¬°!! https://t.co/ROyaFm7gA0,-1
"@lopezobrador_ Jajaja, para qu√©? Si siempre se hace lo que dice tu dedito!!!  Y con tus ideas tipo econom√≠a Venezuela no necesitan pensar mucho, con prometer basta....ch PG locuaz.",-1
"@lopezobrador_ Cuanto te has paseado a cuenta de los est√∫pidos contribuyentes, mendigo par√°sito inservible. Y cuanto te has de re√≠r d todo el baboso q cre√© en ti. Paro hay un carma,lo q te llevar√° a perder una vez m√°s en 2018.",-1
"@lopezobrador_.Esperamos un plan libre de proteccionismo que irradie honestidad, progreso y seguridad, tal como lo hizo de Jefe de Gobierno",1
@lopezobrador_ Se queda corta la descripci√≥n! Hay que estar ah√≠!,1
"@lopezobrador_ DE NADA SERVIRA, SI SON LOS MISMOS EMPRESARIOS Y POLITICOS CORRUPTOS QUE HAN LLEVADO A MEXICO, EN DONDE ESTA.",-1
@lopezobrador_ Y la mafia es usted o c√≥mo? Esta encuesta lo pone bien en todo!,-1
"@lopezobrador_ Eso es interesante. Si hay una propuesta y se concentran en presentar un plan viable, medible y verificable. Quiz√° esta vez los resultados sean diferente a 2006 y 2012",1
"@lopezobrador_ me parece muy bien, que bueno que sea as√≠, si no prospera mi demanda la INE, le puedo hechar la mano, bueno si es que asi lo desea y si me puede mandar un correo le estare comunicando sobre de ellas",1
@lopezobrador_ Hermosa la Huasteca Potos√≠na! Tambi√©n Tamuin y una cascada de Tamul!,1
"@lopezobrador_  #EnVivo en Axtla, San Luis Potos√≠ - https://t.co/tyBfphwNSi https://t.co/srDtSrfZlj",0
"@lopezobrador_ Deja de robar al pueblo, peje",-1
@lopezobrador_ @diazpol ¬øya est√° listo el plan para implantar la revolucion bolivariana en M√©xico? No hablan de otra cosa los #chairos https://t.co/VgZcMm67Uj,0
@lopezobrador_ Ay guey yo pense que desde hace 3 sexenios!,-1
@lopezobrador_ Habla m√°s r√°pido hijo de tu puta madre!!! Que hueva me das,-1
"@lopezobrador_ Ya tambi√©n quieres quedartelo, eres un fraude peje",-1
"@lopezobrador_ Qu√© bueno que te sigas paseando,mientras el pueblo tiene hambre y necesidad de sobrevivir,porque no apoyas para que no haya m√°s pobreza y des lo que gastas a la gente que tiene hambre,asi vas a estar si ganas la presidencia?",-1
"@lopezobrador_ asambleas informativas en Axtla, San  Luis Potos√≠ - https://t.co/xQ2ci3n7Vl https://t.co/xCMxCy7FyN",0
@lopezobrador_ me vales verga,-1
@lopezobrador_ Denles una torta y un frutsi a los pendejabots y ae van jajajaja ws lo que quieren,0
"@lopezobrador_ El rey del oportunismo, el vividor m√°s grande de M√©xico, el demagogo y populista m√°s enga√±ador.",-1
@lopezobrador_ Mexico es hermoso. No lo destruyas con tus ideas radicales,-1
@lopezobrador_ Ser√° entrada libre?? D√≥nde se puede registrar uno?,1
@lopezobrador_ Ve a Xochimico! Mejor @ParisHilton dono su dinero y tiempo mientras tu te haces pendejo sin regresar el NUESTRO  paseandote!,-1
@lopezobrador_ @delfinagomeza @mario_delgado1 @JoseCardenas1 @JACrespo1 al pendejo de #PonchoRomo @yeidckol @RicardoMonrealA @gdehoyoswalther @ConJRdeLaFuente @jpcastanon @DeniseDresserG @fernandeznorona @AristeguiOnline @ChumelTorres @PumasMX @ClubAmerica @atlasfc @Chivas https://t.co/KPQ2THz74p,0
"@lopezobrador_ Peje desde un inicio eras mi gallo, pero despu√©s te me volviste bien pinche loco y ah√≠ me apart√©. Ahora volteando a ver a los dem√°s no hallo ni a cu√°l irle; deja de prometer cosas imposibles y pon los pies sobre la tierra, obtendr√°s mi voto y muchos m√°s.",1
"@lopezobrador_ Surrealista=morena 
Surrealista=campa√±a presidencia 
Surrealista=mundo ad hoc  para Obrador!",-1
@lopezobrador_ muy bien se√±or andres ahunk les duela usted si merece la presidencia,1
@lopezobrador_ Y c√≥mo para cu√°ndo un acuerdo en EdoMex con el PT? porque tus dirigentes ac√° te van a hacer perder la presidencia.,0
@lopezobrador_ Se√±or la comunidad gitana  de mexico con usted,1
"@lopezobrador_ Ya lo veremos presidente, para que corrija todo este lodazal de gobierno que tenemos corra a todos esos opresores pol√≠ticos expertos en tener al pa√≠s en crisis disfrazadas de prosperidad",1
@lopezobrador_ a mi cabron lengua corta me causa extra√±eza de dpnde sacas dinero para tanto,-1
@lopezobrador_ Es importante saber de el,1
@lopezobrador_ Jajajajajajajajajajajajajajajajajajajajajajajajajajajajajajajajajajajajajajajajajajajajajajajajajajajajajajajajajajajajajajajajajajajajajajajajajajajajajajajajajajajajajajajajajajajajajajajajajajajajajajajajajajajajajajajajajajajajajajajajajajajajajajajajajajajajajajajajajajajaja,1
@lopezobrador_ Abrazo fuerte hasta M√©xico. Ser√≠a buen√≠simo que se apoye m√°s la ciencia y la cultura durante su administraci√≥n. Saludos y buen fin de semana.,1
@lopezobrador_ Mantenganos la belleza de nuestros pa√≠s y ya saquemos al PRIAN porque se lo devoraron estos corruptos!,1
"@lopezobrador_ Esas vacaciones est√°n padres. Yo estoy creeando una empresa para viajar, pero creo que mejor hago un partido pol√≠tico.",-1
@lopezobrador_ #MORENAELPARTIDODELAGENTEBUENA,1
@lopezobrador_ Valdr√≠a la pena saber qui√©nes son los 200 profesionales.,-1
@lopezobrador_ Si. La huasteca y los potosinos te damos la bienvenida!! Gracias por compartir tu tiempo con este pueblo.,1
"@lopezobrador_ Y quien te paga los viajes,el pueblo verdad y te quejas",-1
"@lopezobrador_ ""
#aqui en nuestro pais,todo es surrealista con este ""gobierno"" de puros ratas.",1
@lopezobrador_ Y seguro vas a decir que es tu idea o si no estas de acuerdo es la mafia del poder. No mames loquito,-1
@lopezobrador_ Y no me invit√≥!,1
"@lopezobrador_ me gustar√≠a saber qu√© opini√≥n tiene de Alfredo Jalife..? Lo pregunto porque creo con todo lo que sabe ser√≠a un muy buen aliado para sacar adelante a nuestro pa√≠s, del hoyo donde lo ha metido los politiquillos que ni siquiera saben cu√°l es su funci√≥n.",1
@lopezobrador_ Y el morena? Que experiencia tiene? La del due√±o del partido? Porque no nos dice de que vive y como paga las avionetas?,-1
@lopezobrador_ Y si no est√°n con el futuro PRESIDENTE que hacen aqui.,1
"@lopezobrador_ El capitalino. No hay m√°s ciego que el no quiere ver. Pero los pejistas son como los pendejos c√≥mo? Los perros abren los ojos a los 7 d√≠as, los pendejos NUNCA.",1
"@lopezobrador_ Por que se enojan piojos prianistas de torta y frutsi. 
Por que no se meten a compartir de corrupcion, de los millones del extranjero como ayuda por el cismo. 
Quien los agarro. ? 
No hablan por que tienen la voca ocupada comiendo torta. Eso puede Ser.",1
@lopezobrador_ Jajajaja,1
"@lopezobrador_ y exilio a todos los vende patrias, traicioneros de la naci√≥n y que perjudican al pueblo con extrociones,secuestros",1
"@lopezobrador_ Auespiciado por la Fundaci√≥n Pedro y Elena Hern√°ndez, a cuyo hijo usted ataca. Reconozca que habla sin fundamentos!",-1
@lopezobrador_ Exelente.,1
@lopezobrador_ Hermoso lugar!! Falt√≥ mostrar las pozas!,1
@lopezobrador_ @felix_ofelia Y d√≥nde le√≠ste eso @lopezobrador_ o ya recibes moche de la Secretar√≠a de turismo ?,-1
@lopezobrador_ Hasta modelo y intelectual sali√≥!,-1
@lopezobrador_ Bienvenido siempre a nuestra Huasteca Potosina!!!,1
"@lopezobrador_ Ya me imagino el galimat√≠as que vas a presentar, Hugo Maduro Castro, perd√≥n Lopez",-1
"@lopezobrador_ : Estuvimos en el jard√≠n escult√≥rico surrealista de Xilitla, es uno de los espacios de arte,... https://t.co/qvBi7u9EeV",1
@g_quadri Yo creo que m√°s bien es ignorancia,0
@g_quadri @ygnaciogu El #PRI es tu respuesta,-1
@g_quadri Que publicaci√≥n tan x,-1
"@g_quadri La General Motors, Ford y dem√°s son las que ENSAMBLAN coches en M√©xico y son los que exportan. No es M√©xico, son las armadoras. S√© puntual.",-1
@g_quadri ¬øY que favor le hace a la democracia el partido que has representado? C√≠nico,-1
"@g_quadri No puedo con lo superficial de tu comentario, habr√≠a que revisar el cobro de tenencia, en qu√© se usa, la calidad de las vialidades, etc.",-1
@g_quadri @arnemx Ya todos se cuelgan el mo√±o ajeno de luchadores Anticorrupci√≥n,-1
@g_quadri Ensambla*,-1
@g_quadri @luisalbertolpz  ya vez y t√∫ que acabas de plaquearlo,-1
"@g_quadri No, pero se entiende. La posici√≥n abusiva y recaudatoria del gob; de esta CDMX contra los automovilistas genera una pintada de violin !",1
@g_quadri Entonces como twittea uno acerca de Rindfleischetikettierungsueberwachungsaufgabenuebertragungsgesetz y de Niederflurfoerderfahrzeugfuehrer?,0
"@g_quadri Deja de estar de ocioso cabron,  que hay tanto que hacer y enterarse en nuestro pa√≠s y tu m√°s siendo pol√≠tico,  como solo esperas cada quincena tu pago de nuestros impuestos,  pues te vale madre y te la pasas aqu√≠ cabron...",-1
@g_quadri Pinche mariguano.,-1
"@g_quadri Son ensamblajes de bajo valor agregado con pocos encadenamientos productivos locales. No generan aprendizaje industrial. No hay innovaci√≥n ni la formaci√≥n de industria interna. Estar√° bien cuando haya industria propia, con marcas propias, con desarrollo interno y nacional",1
@g_quadri Doble de autos= doble poluci√≥n ... no era usted que hace 5 tweets alardeaba de sus posiciones ‚Äúecologistas‚Äù ??,-1
@g_quadri ¬øcontamos contigo?,1
@g_quadri M√©xico paga a los obreros que arman carros la misma miseria hoy que en 2007.,-1
@g_quadri Igual que los que seg√∫n manejan combi pero llegan hasta con guaruras,-1
@g_quadri  https://t.co/fRXdLGSiyP,0
@g_quadri Con 280 caracteres queda as√≠ JAJAJAJAJAJAJAJAJAJAJAJAJAJAJAJAJAJAJAJAJAJAJAJAJAJAJAJAJAJAJAJAJAJAJAJAJAJAJAJAJAJAJAJAJAJAJAJAJAJAJAJAJAJAJAJAJAJAJAJAJAJAJAJAJAJAJAJAJAJAJAJAJAJAJAJAJAJAJAJAJAJAJAJAJAJAJAJAJAJAJAJANAJAJAJAJAJAJAJAJAJAJAJAJAJAJAJAJAJAJAJAJAJAJAJAAJAJAJAJAJAJAJAJSJS,1
@g_quadri  https://t.co/Og4Dq3DLZA,0
"@g_quadri Est√°s m√°s pendejo que Pe√±a.... y eso, son ligas mayores.",-1
@g_quadri Cobras demasiado,-1
"@g_quadri Tantos autom√≥viles nos van a matar un d√≠a, ¬°qu√© alguien piense en los ni√±os!",-1
"@g_quadri Sr Gabriel, comparar a Andr√©s Manuel con Pol Pot, es la prueba fehaciente de que usted padece de sus facultades mentales.  Lo siento.",-1
@g_quadri  https://t.co/fvnkGlanhd,0
"@g_quadri Pero viva la soberan√≠a Venezolana, viva la lucha por Am√©rica Latina, viva la necedad y la demagogia.",-1
@g_quadri Muy bueno... pero seria aun mejor si nuestro mercado interno tambien tenga ese dinamismo.,1
"@g_quadri @g_quadri  no s√© si es ignorancia, fanatismo o ceguera de tu parte ¬øNo ves el boicot, acaparamiento, sanciones y dem√°s trabas econ√≥micas que pone la derecha interna y externa?",-1
"@g_quadri para que ir tan lejos debemos comenzar con Gamboa Patron aterriz√≥ helic√≥ptero oficial en zona protegida , no seas Combi",-1
"@g_quadri Oye Quadri ya parale a tu mame, mejor coordina el asesinato pol√≠tico del peje y de meade No? Y ll√©vate a @ManceraMiguelMX de pil√≥n.",-1
"@g_quadri Andate a China a comenzar las gestiones, y desde all√° twiteas. ¬°Corre!",-1
"@g_quadri Neta te gusta Incubus ? üòÇüòÇüòÇ, tome mi voto!",1
@g_quadri Mejor morir ...ke vivir de rodillas .. es f√°cil hablar con el est√≥mago lleno caballero Quadri,-1
@g_quadri Y tu que los quieres de socios,-1
"@g_quadri Pero sin una ley que exige seguridad b√°sica ll√°mese frenos abs, sistema de estabilidad, etc. (El √∫ltimo salva m√°s vidas que las bolsas de aire)",-1
@g_quadri ¬øQue propone?,0
@g_quadri y el doble de ganancia? o se produce m√°s a costa de explotar gente y pagar mal? #PreguntaSeria,0
"@g_quadri ¬øS√≥lo petr√≥leo? mira nada m√°s, que √∫til. Y pensar que aqu√≠ @FelipeCalderon  y @EPN  lo entregaron a manos privadas.",-1
"@g_quadri Industria automotriz beneficiada por el TLC, Ser√≠a igual si se saliera Mex. del TLC?",0
@g_quadri En donde aproximadamente el 80% o m√°s de las piezas son extranjeras y el resto son comprados en M√©xico.... Lo √∫nico que hacen es darle valor agregado por el ensamblaje y todo por un salario poco arriba del m√≠nimo....,0
"@g_quadri Logro de Calderon? O lo comparte con EPN?

Los japoneses ayudaron mucho al hacer que los 3 de Detroit casi quebraran",-1
@g_quadri Y pensar que algunos quieren convertir a los estados en soviets.,-1
"@g_quadri estoy  deacuerdo,, son autos de lujo (BMW, Audi, Mercedes etc.), los que mas tienen son los que mas exigen y menos pagan",1
"@g_quadri Pens√© que ibas a decir que muy mal porque se producen en ""provincia"", haciendo pobres a trillones de tlaxcaltecas.",-1
"@g_quadri As√≠ es @g_quadri  ya hace tiempo, pero se parecen a un cuate que simulaba manejar una combi ...  https://t.co/aDzvU2SgKs   ¬ø sanci√≥n social ?  Saludos.",-1
"@g_quadri Es un comentario falso y a modo
 Como de los pol√≠ticos de Siempre",-1
"@g_quadri Jajaja y eso te preocupa, x eso M√©xico est√° como esta",-1
@g_quadri No ! Poblar√≠an Mexico esos cabrones !! Son muy corruptibles Con nuestro sistema tan deseoso de hacerse rico pronto ! Tendremos una invasi√≥n !!,-1
"@g_quadri @arnemx Cu√°l es el problema o corrupci√≥n si Morelos lo permite ?, yo tambi√©n lo har√≠a para no pagar m√°s impuestos que se clavan los politicos",-1
@g_quadri A ver . cu√°l es esa planta? Que hace?,-1
"@g_quadri Se corre el rriesgo de una inundaci√≥n de mercancia china en el pa√≠s mega baratos y de mala calidad. Me da tristeza ver ""artesan√≠as"" mexicanas made in china. No se vale!",1
"@g_quadri Eeeeh! Que tienen en contra de las ciudades del interior???? Eso de que nos vean como ""provincia"" ya chole!",-1
@g_quadri Yo digo: SANCI√ìN.,1
"@g_quadri Tanto te quejas de todo y t√∫, al apoyar a corruptos como Del Mazo te conviertes en un corrupto m√°s!",-1
"@g_quadri La vaquita tierna vs paradise papers !!! Qui√©n ha ganado,",0
"@g_quadri Eres un enga√±a bobos, que te crea el que no sabe de tu paso por las dependencias medioambientalesl, de tus corruptelas, fascista.",-1
"@g_quadri Apoyo tu idea de diversificar socios comerciales, pero no coincido contigo en la parte de China, creo que no debemos ponernos a merced de otra super potencia, habiendo tantos posibles socios porqu  casarse con uno?.",1
@g_quadri Claro lo dice se√±or Etica que viaja en auto blindado y llega en combi,-1
"@g_quadri ""Corrupci√≥n social"",que manera tan burda de querer deslindarse la clase politica...pateticos.",-1
"@g_quadri la energ√≠a at√≥mica no es tan ""limpia"" como pensamos. ¬°Inmensa la cantidad de agua necesaria para enfriar los reactores! Acaba siendo un tiro por la culata. 

https://t.co/CNz2mpG84x",-1
"@g_quadri Econom√≠a Sur-Sur, le dicen. Latinoam√©rica tiene balanza comercial favorable con China que la vez est√° en los BRICS. No entiendo porque nos aferramos a EUA.",1
@g_quadri @maveruko üòÇü§£üòÇü§£üòÇü§£üòÇ,1
"@g_quadri Pues si eres un empresario hijo de puta, claro que te conviene la mano de obra barata de China, para luego traer productos de quinta y venderlos como de primera. Al fin, ch√≠nguense los productores mexicanos. No solo tienes cara, eres un pendejo.",-1
@g_quadri Existen m√°s pa√≠ses para socializar. En China est√° dura la corrupci√≥n y suiza es un pa√≠s que nos ayudar√≠a mucho,-1
@g_quadri Jaja sin duda este tuit entra en tu Top 5.,1
@g_quadri @gfdelb ¬øT√∫ tienes mucha verg√ºenza? Jajajajajajaja,-1
@g_quadri Miles y de segmentos socioecon√≥micos altos y educados (en teor√≠a).,0
"@g_quadri @arnemx Hay dos,TODOS pagan un porcentaje del costo del auto o TODOS pagan la misma cantidad de impuesto,de otra forma es injusto.Problema resuelto!",1
"@g_quadri Mira el gobierno no sabe ya como chingarnos m√°s dinero, por que mejor no vociferas que las fotomultas a donde va a parar ese dinero?? Lo de la verificaci√≥n 2 veces al a√±o ?? No seas absurdo",-1
@g_quadri ya no existe un distrito federal. los poderes de la uni√≥n pueden cambiar de sede sin ning√∫n problema,0
"@g_quadri @ChapoRomo Y as√≠ sera todo el 2018 üòÇ a tirarle, que miedo le tienen Jajajaja",0
@g_quadri Buenisimo!! Que asi sea!!,1
"@g_quadri @INEMexico Mexicanos en todo somos C√ìMPLICES; somos C√ìMPLICES al emitir nuestro VOTO, votamos por DELINCUENTES, CRIMINALES, ASESINOS, CORRUPTOS, ESTAFADORES, EXTORSIONADORES disfrazados de candidatos @lacronicadehoy @diario24horas @Arena_Publica @SinEmbargoMX",-1
"@g_quadri Claro! Hay que buscar socios m√°s tranzas, mala paga y que exploten ni√±os! Tu s√≠ que eres inteligente!",1
"@g_quadri El Instituto de Geografia habia propuesto esa descentralizacion en 1985, quiza haya que actualizar la propuesta pero no es una locura, se√±or.",1
@g_quadri Usted ocupe sus 140 caracteres y no el doble. Para que no se ande quejando.,-1
@g_quadri Deacuerdo contigo. Hay mucho mas mundo q estados unidos,1
@g_quadri ¬øEl reto ser√° como se va a controlar la pesca ilegal?,0
"@g_quadri No estimado Gabriel, China es un pa√≠s expoliador total. Ejemplos, Ecuador, Venezuela, Argentina. Ellos pueden producir todo lo que les exportemos y pirat√©arnoslos. Mejor Australia, Nueva Zelanda, Jap√≥n, Corea",0
"@g_quadri Tu no tienes un gramo ni de dignidad ni de autoridad moral para se√±alar corrupci√≥n de ning√∫n lado, no mames!
Acaso no has defendido y argumentado en favor de la corrupt√≠sima Elba Esther?
üñï‚úäÔ∏èüñï‚úäÔ∏èüñï‚úäÔ∏èüñï‚úäÔ∏èüñï‚úäÔ∏èüñï‚úäÔ∏èüñï‚úäÔ∏èüñï‚úäÔ∏èüñï‚úäÔ∏èüñï‚úäÔ∏èüñï‚úäÔ∏èüñï‚úäÔ∏èüñï‚úäÔ∏èüñï‚úäÔ∏èüñï‚úäÔ∏èüñï",-1
@g_quadri Vio el reportaje de @CarlosLoret sobre la vaquita marina?,1
"@g_quadri ¬øY la corrupci√≥n pol√≠tica?, Las autoridades lo permiten en vez de revisar, sancionar y quitar... ¬øO ser√° por qu√© tienen alg√∫n descuento durante campa√±as?",-1
@g_quadri Con tal de no pagar tenencia. Pero tambi√©n debe de haber sanciones legales para los gestores,1
@g_quadri Verg√ºenza es querer recolectar un impuesto ridiculo e inexistente y esperar que la gente est√© ‚Äúflojita y cooperando‚Äù,-1
"@g_quadri Y manejar un auto y despu√©s subirse a una ""camionetita chistosa"" no es una ""simulaci√≥n"" tambi√©n???",-1
@g_quadri @GeneralPeaton Y porque no le exigimos sanci√≥n al ladr√≥n @ManceraMiguelMX y que quite ese robo llamado tenencia? No basta con sus ilegales Robomultas Hurtov√≠as y Asaltimetros?,1
"@g_quadri Obtener placas de otro estado para evadir el pago del impuesto retrata la impunidad, y la prepotencia; ""el mirreynato"" a todo lo que da. En la agencias de autos ofrecen el tr√°mite. https://t.co/3qTsXRSO4L",-1
@g_quadri @ChapoRomo Ya gorbern√≥ el DF y ¬ølo desmantel√≥?,0
"@g_quadri coincido plenamente; en auto de lujo, buscan ahorrar sabiendo que defraudan, simulando y justificando un ahorro, pero son los que expresan ""pi.....che gobierno corrupto""üôÑ FALTA DE INTEGRIDAD!!!!!",1
@g_quadri Es a lo que llevan a los ciudadanos para evadir tantos impuestos sin recibir nada a cambio. En Coahuila hacen lo mismo con placas de Durango,-1
"@g_quadri Es parecido a lo que hacen muchas empresas en EUA que tienen domicilio fiscal en Delawere para bajar carga impositiva. Empresas que todos admiran y usan sus productos y servicios. Son corruptos? 

https://t.co/rIPhPwTV8Z",-1
"@g_quadri @jonathebest Anda por 22% con los ingresos no tributarios, no @g_quadri?",-1
"@g_quadri @arnemx Comentario tendencioso, existen muchos mas supuestos evasores que emplacan autos en el EDOMEX, entonces solo se busca el reflector ?",-1
@g_quadri @dcegf como la no verg√ºenza de ser candidato por un partido que solo busca lanita del presupuesto? O ser la cara del partido de la maestra?,-1
"@g_quadri Si evadir impuestos es malo, los sindicatos y partidos pol√≠ticos evaden impuestos, si apoyas y eres parte de ese sistema sindical / partidista entonces @g_quadri es un evasor de impuestos, importante, no trae placas de Morelos, menos mal... creo q tiene la l√≥gica de AMLOve",-1
@g_quadri @SoyGara jajajaja,1
@g_quadri Ya comiste mijo?,1
"@g_quadri S√≠, un pinche papel cambia todo. Rid√≠culo.",1
@g_quadri Ahora resulta que est√°n mal .  Y todos los pseudo intelectuales est√°n enojados üòÇüòÇüòÇ,-1
"@Mzavalagc @Pajaropolitico Porque s√≥lo tarjeta , para quien agrede a una mujer, si atacan a los hombres, esta bien ?POR FAVOR NO DIVIDA MAS, por eso estamos as√≠, desunidos",-1
"@Mzavalagc @UMSA_MERIDA Miren, m√°s mentiras. https://t.co/TTuT3aMwl6",-1
"@Mzavalagc @Pajaropolitico Targeta roja a los infames, que provocaron, la muerte de los ni√±os del  A B  C.",-1
@Mzavalagc https://t.co/3dxRTz02ix,0
@Mzavalagc @UMSA_MERIDA Muy bien Margarita sigue adelante,1
@Mzavalagc  https://t.co/z6UolyScta,0
"@Mzavalagc @Pajaropolitico Aburres con tus comentarios de supermercado, a leguas se ve que se lo fusilaste a mam√° lucha.",-1
@Mzavalagc @FelipeCalderon El detalle es que no te llegan firmas. Fuiste c√≥mplice de un s√°trapa.,-1
@Mzavalagc ‚úäüèΩ,0
@Mzavalagc Sra. Si le faltan firmas vaya a Hermosillo Sonora .,1
@Mzavalagc @UMSA_MERIDA  https://t.co/dM0qvB2hDm,0
@Mzavalagc @UMSA_MERIDA que bueno. que Margarita Zavala..va a acer nuestra pr√≥xima Presidenta.de la Rep√∫blica Mexicana,1
@Mzavalagc No Margaret. Si no te voy a a conocer en persona no tiene caso. No voy a dar mis datos personales en un vil m√≥dulo en la calle para que los divulguen o comercien con ellos. Aparte luego le des mi voto a AMLO con eso de que ya son amigos.,-1
@Mzavalagc @UMSA_MERIDA Usted piensa k a junto con Felipe Calder√≥n podra hacer lo k el como Presidente no pudo hacer por el bien de nuestro Mexico??,-1
@Mzavalagc @UMSA_MERIDA Do√±a CALDERONA y no les platic√≥ de este tema?üëá https://t.co/lAS3nhTrNK,-1
@Mzavalagc @Pajaropolitico Necesitamos mandarte a chingar a tu madre,1
"@Mzavalagc @UMSA_MERIDA Lo que deber√≠a de preocuparte es la salud de tu marido, enci√©rralo en los alcoholicos como una buena hembra Ley.",-1
@Mzavalagc @UMSA_MERIDA Es el mexico que dejaron ase 6 a√±os,-1
@Mzavalagc @IIJONGUI Ni porque lo pongas en mi puerta....NOOOOOOOOOOOOOO,-1
@Mzavalagc @Pajaropolitico Necesitamos que los padres eduquen mejor a sus hijos haciendo conciencia de lo q no debe ser,1
@Mzavalagc @FelipeCalderon Y t√∫ de d√≥nde sacas dinero para pagarle a 200. si eres ama de casa desde hace m√°s 10 a√±os ya no mames ya parale,-1
"@Mzavalagc 100 mil paleros arrastrados, cuanto le distes por la firma",-1
"@Mzavalagc vamos a ir perro para mandarte a la chingada, pinche chancluda mierdera",-1
@Mzavalagc @FelipeCalderon No.,-1
@Mzavalagc @Pajaropolitico ¬øSegura que los que escriben esos tweets no son los mismos que le hicieron la publicidad a la Universidad Insurgentes?,-1
@Mzavalagc @Pajaropolitico Y cu√°ntas muertas en Ju√°rez defendiste?,-1
"@Mzavalagc si no completas las firmas, ve a las fosas comunes, con los Miles de hu√©rfanos, acude con las esposas y las madres en duelo",-1
"@Mzavalagc @Pajaropolitico ¬°Te juro que no vuelvo a tomar! ¬°Margara Margarita!
¬°eres una santa!
üç∑",1
"@Mzavalagc @Pajaropolitico Sra. Zagal a,  que dice respecto de las mujeres diputadas, que le gritaron a otro ser humano ""ehhhhh puto""!! Dentro de un recinto ""sagrado"" defensor del derecho igualitario?",-1
@Mzavalagc @FelipeCalderon Y te acompa√±ar√° tu jefe #Caldedrunk,-1
"@Mzavalagc, y en la capital de Coahuila no habr√° m√≥dulos?",1
"@Mzavalagc @Pajaropolitico Tarjeta roja a @FelipeCalderon por el monstruoso aumento a los feminicidios durante su sexenio.
¬øO qu√©? ¬øTodas las muertas por arma de fuego en la calle eran delincuentes? https://t.co/vo81tsatHT",-1
"@Mzavalagc ¬øCu√°nto cuesta dar la firma,  Mago? https://t.co/TZ89VbwlUB",-1
@Mzavalagc @Pajaropolitico Preparame Otraaa cuba por favor hic hic se escucha a lo lejos https://t.co/exN37xQYUe,-1
"@Mzavalagc @Pajaropolitico Uhmns, pues... https://t.co/HnGz7VNDxT",0
@Mzavalagc @FelipeCalderon Pobre ya no sabe ni que hacer,-1
"@Mzavalagc @Pajaropolitico Se√±ora, si usted tuviera un poquito de dignidad deb√≠a retirarse de su campa√±a. Hasta ‚ÄúEl Bronco‚Äù le va ganando, y eso ya es decir...",-1
"@Mzavalagc @Mzavalagc  hoy fui a dar mi firma porque yo confi√≥ en ti , vamos a ganar !!",1
"@Mzavalagc @JLozanoA @Mzavalagc @tumbaburross se√±ora por favor avisen por mensaje cuando van a estar en Acapulco me urge firmar para tener una Presidente estas pr√≥ximas elecciones, mi voto y la de mi familia est√°n con usted üôèüôèüôè",1
"@Mzavalagc @AbimaelSixx6 Si lo amar√°n no te hubieran firmado nada, solo es gente jodida aspiracionales y otros enfermos sedientos de sangre... Extra√±an esos tiempos donde en los estados no pod√≠an ni salir de sus casas.",-1
@Mzavalagc Le sienta bien un nuevo look m√°s maquillada.,1
@Mzavalagc @FelipeCalderon  https://t.co/LEGNTRDpRw,0
@Mzavalagc Si como no ahorita,0
@Mzavalagc Ve a Monterrey ah√≠ si tienen problemas de percepci√≥n de la pol√≠tica,1
@Mzavalagc NO y no y no,-1
@Mzavalagc @FelipeCalderon  https://t.co/BIyT4AvDzN,0
"@Mzavalagc deja al felip√≥n, por favor. S√≥lo si quieres ser presidenta https://t.co/CSBFMC3roK",1
@Mzavalagc @FelipeCalderon No!,-1
"@Mzavalagc Que bueno que lo mencionas.
NO... no estamos comprometidos!
Jajajajajajaj",1
@Mzavalagc https://t.co/ISXF8HNHE2,0
@Mzavalagc @FelipeCalderon https://t.co/tSGWPfdkmS,0
"@Mzavalagc Primero junta tus FRACASADAS FIRMAS üòÇüòÇüòÇ

#MiVotoParaAMLO 
#MiVotoParaAMLO",-1
@Mzavalagc @Pajaropolitico As√≠ como meter a la c√°rcel a incubridores y asesinos de la guarder√≠a ABC,-1
@Mzavalagc 100.000son las personas de un pueblo cuantos te firmaron a nivel Rep√∫blica ah√≠ es donde se cuenta con la gente creo que no llegas,0
"@Mzavalagc @FelipeCalderon Ma√±ana si que lo hago ,  creo que nos quedaremos sin independientes",1
@Mzavalagc Excelente ah√≠ estaremos,1
@Mzavalagc Haganlo sacando copias mejor...,-1
"@Mzavalagc  üòÖüòÖüòÖüòÜüòÜüòÜüòÜ el Dr Simi, yo creo que jala mas gente que tu !!!! https://t.co/aF8Rj2k1rx",-1
"@Mzavalagc @Pajaropolitico Me parece tendenciosa su afirmaci√≥n que la violencia hacia las mujeres proviene de los hombres, hay mujeres que son violentas,",-1
"@Mzavalagc Y esto quien lo paga,el ine o quien? Disculpen mi ignorancia.",1
@Mzavalagc @Pajaropolitico Tarjeta roja!! . . .,-1
@Mzavalagc Aqu√≠ por recursos no paramos!,1
@Mzavalagc @FelipeCalderon paria encubridora de un asesino y borracho no te cansas de robar?? vamos dijon la mosca  solo medio sabes hablar creo tu eres alcholica o drogadicta,-1
"@Mzavalagc @Pajaropolitico Me sorprende cada vez + su intelecto Mago, tiene unas tablas para mezclar el reglamento del fut y la violencia, estoy anonadado, le voy a mandar unas diputadas del PRI para que les quite la violencia verbal que han aprendido, pobres de sus maridos, al igual de usted, con el suyo.",-1
"@Mzavalagc No me lo tomes a mal.
No solo tienes gente que te rechaza, sino pocos creyentes; es m√°s f√°cil pedir Perd√≥n por la guerra fallida de Calder√≥n, que poner tus m√≥dulos, incluso llegar√≠as casi a la meta.",1
@Mzavalagc @Pajaropolitico Hola,1
@Mzavalagc Que hay que hacer? Lo intent√© desde el primer d√≠a y no acept√≥ mi fecha de nacimiento,1
"@Mzavalagc Un m√≥dulo por 10,000 km2. No estoy taaaan seguro de ese dato de la cercan√≠a.",0
@Mzavalagc Se ve que no te has puesto a pensar en que solo en la calenturienta mente de @FelipeCalderon  te ves como favorita @Mzavalagc,-1
@Mzavalagc @Pajaropolitico De cual fumo ested ya esta disbariando,-1
@Mzavalagc Donde puedo@firmar en boca del@r√≠o ?,1
@Mzavalagc @Mzavalagc #NoDesperdicioMiFirma #Chimoltrufia2018 #BORRACHAIROS,0
"@Mzavalagc @Pajaropolitico Creo que esta se√±ora un d√≠a se despert√≥ y dijo "" quiero ser presidenta"" , no tiene nada para ganar!",-1
@Mzavalagc @RedCiudadanaMaZ Donde est√°n direcciones para poder asistir,1
@Mzavalagc @FelipeCalderon Y tus propuestas?,-1
@Mzavalagc @JaimeRdzNL @PedroFerriz Si queremos cambiar las cosas en nuestro pais yo creo que Mexico necesita que ustedes tres esten en la boleta como independientes pero unidos!,1
@Mzavalagc un gusto poder contribuir a la causa y verte en las boletas del 2018! https://t.co/WLF4lquIfw,1
@Mzavalagc Cuenta  con todos  Monterrey todo nuevo le√≥n con alegr√≠a,1
@Mzavalagc @Pajaropolitico Preg√∫ntale a tu culero corrupto marido sobre los feminicidios en su sexenio. Est√∫pida,-1
@Mzavalagc @FelipeCalderon chinga tu madre.,-1
@Mzavalagc Estampa d3 una tonta con aspiraciones muy altas!,-1
"@Mzavalagc Ni madres!!! No insista , su alcoh√≥lico esposo ya saqueo al pa√≠s seis a√±os, que no fue suficiente?disfruten el bot√≠n  ya no chinguen",-1
@Mzavalagc 40 con todo Monterrey todo muevo Le√≥n con alegr√≠a,1
"@Mzavalagc Habr√° m√≥dulo en Tampico, Tam? Vamos @Mzavalagc",1
@Mzavalagc @Pajaropolitico Ahorita preoc√∫pate por juntar las firmas necesarias por favor !!,0
"@Mzavalagc No soy profeta ni hijo de profeta. Pero vaticino que no llegar√°s por pasguata, tartufa y gris.",-1
@Mzavalagc @FelipeCalderon Y las tortas con Boing?,0
@Mzavalagc @FelipeCalderon NO TENEMOS PAN DURO HOY SE√ëITO. VENGA LA OTRA SEMANA,-1
@Mzavalagc ¬°Lleven sillas para que puedan esperar sentados!,1
@Mzavalagc @Pajaropolitico totalmente de acuerdo doctora quiero firmar por ti mi apoyo...,1
@Mzavalagc En Ecatepec????,1
"@Mzavalagc @FelipeCalderon ni drogado o borracho o con algun desorden mental, firmaria para una candidatura independiente para esta persona",-1
@Mzavalagc @Pajaropolitico Empecemos por ti c√≥mplice de un genocida. https://t.co/cG1Vmngfot,-1
@Mzavalagc  ya esta en Merida! üòÄüëç acompa√±ala a las 4:00pm en la plaza de armas (Zocalo)   Ven a firmar por M√©xico! üá≤üáΩ‚úçÔ∏è https://t.co/YOJfYjCmef,0
"@Mzavalagc @Pajaropolitico Loser loser loser loser loser loser, ya pusite tu modulo en Hermosillo ???",0
@Mzavalagc @Pajaropolitico Imb√©cil,-1
@Mzavalagc Ah√≠ podemos reclamar por la maldita inseguridad que se empez√≥ en el sexenio del PAN??,-1
@Mzavalagc @FelipeCalderon As√≠ van a estar cada uno de los 200 https://t.co/cXfkUpoOGd,0
@Mzavalagc Queremos mucho a la familia Calder√≥n Zavala üëçüåπ,1
"@Mzavalagc Si doy mi firma, ¬øya no podr√© votar por AMLO??",1
@JorgeGCastaneda @ElFinanciero_Mx El francotirador de @RicardoAnayaC √©ste ser√°  el candidato del frente ancho  #MiniColumna. @Galileos_,0
@JorgeGCastaneda De todos los independientes deber√≠a quedar solo una terna y quiz√°s el pueblo firme a favor de uno de ellos,1
@JorgeGCastaneda Obvio quien va a conseguir un mill√≥n de firmas? Es plan con ma√±a,1
"@JorgeGCastaneda Son un rotundo fracaso los independientes, hay tenemos al bronco o pony, sali√≥ igual o peor que los del pri.",-1
"@JorgeGCastaneda @ElFinanciero_Mx Frente que no puede quitarse de encima la etiqueta de OPOSICI√ìN, solo para que pierda el que est√© en alg√∫n puesto de poder, lugar que ellos quieren ocupar. NO es un FRENTE PARA BUSCAR EL M√ÅXIMO BENEFICIO PARA EL CIUDADANO, no para nada, solo buscan puestos y dinero del ciudadano",-1
"@JorgeGCastaneda @ElFinanciero_Mx Muy cierto, si la candidatura de Anaya ya gener√≥ inconformidad y molestias a algunos, pues ya de una vez formalizarla. Aplazar el anuncio no har√° que los inconformes cambien de parecer. #ElFrenteVa",-1
"@JorgeGCastaneda @ElFinanciero_Mx Hay tres candidatos claros del #FrenteCiudadano Presidente: Ricardo Anaya PAN, CDMX: Alejandra Barrales PRD, Jalisco: Enrique Alfaro MC.",1
@JorgeGCastaneda @ElFinanciero_Mx ¬ø¬ø??,0
@JorgeGCastaneda @ElFinanciero_Mx Aqui el onanismo de Casta√±eda,-1
@JorgeGCastaneda @ElFinanciero_Mx lo m√°s triste es que si @RicardoAnayaC  queda como candidato adi√≥s al mentado #FrenteCiudadano,-1
"@JorgeGCastaneda @ElFinanciero_Mx Y no te da hueva, Jorge?",-1
"@JorgeGCastaneda Doctor: Deje que le empiecen a meter m√°s billetes, y mnos olvidaremos de ese record. 
Dos son los que tienen $$$$ para hacerlo, ¬°y lo har√°n!",-1
@JorgeGCastaneda El sistema est√° a modo de que No lo logren.,1
@JorgeGCastaneda el problema de @PedroFerriz es que sus voluntarios no pueden obtener su registro. No llega la contrase√±a y no encuentras en la p√°gina del INE la aplicaci√≥n para registrarse,-1
@JorgeGCastaneda y otros lo dejan colgado de la brocha - (R√≠os Piter) - La ca√≠da del 'Jaguar' https://t.co/QzP8etxHvs https://t.co/3e3WITj3Ja,-1
@JorgeGCastaneda Ni las Reunir√°n. A menos que aparezca la mano negra del PRI gobierno,1
@JorgeGCastaneda Dr nos hizo falta ud como candidato,1
@JorgeGCastaneda That‚Äôs the idea !!!,1
@JorgeGCastaneda @CarlaEUrena Si es verdaderamente dif√≠cil el INE ficiente tiene la consigna de no dejar llegar a ning√∫n candidato ciudadano,-1
"@JorgeGCastaneda No solo dif√≠cil, creo que imposible si hablamos del 1% del padr√≥n, el problema es que se pone en riesgo la democracia y el derecho constitucional a ser votado",1
"@JorgeGCastaneda Es una locura, pareciera que est√° hecho a modo para que s√≥lo siga existiendo la partidocracia.",1
"@JorgeGCastaneda Tu llevar√≠as menos de 1000, te lo aseguro",-1
"@JorgeGCastaneda Tu eres demasiado sagaz,  por favor algo de informaci√≥n fuerte.",-1
"@JorgeGCastaneda SIN CONTAR AL BRONCO, ES LA MISMA BASURA POL√çTICA...",-1
"@JorgeGCastaneda Piedras en el camino !
Quiz√° Margarita si llegue üòí",1
"@JorgeGCastaneda Excelente que por fin se termine ese adefesio inflado por los medios de informaci√≥n llamado ""factor Margarita""  no habr√° voto √∫til para el PRI por medio de esa manipulaci√≥n medi√°tica y todo se centra en los partidos.",-1
"@JorgeGCastaneda logrado lograr o no, pero ah√≠ van",1
@JorgeGCastaneda Estoy seguro ni Pe√±a con sus lame huevos podr√≠a...,1
@JorgeGCastaneda Y tu como vez la situaci√≥n @JorgeGCastaneda ?  Porque aceptan candidaturas independientes si nunca los dejar√°n ganar. ü§®,1
"@JorgeGCastaneda Ser√≠a muy f√°cil para el INE poner una aplicaci√≥n online, con los nombres de candidatos y cada quien se agregue al que desee, f√°cil.",1
"@JorgeGCastaneda Pr√°cticamente es imposible, es plan con ma√±a, el pais ni los ciudadanos deben ser rehenes de las ‚Äúautoridades electorales‚Äù y de los partidos pol√≠ticos pues ello contraviene el esp√≠ritu de la Constituci√≥n",1
"@JorgeGCastaneda Los independientes, si, los camaleones no.",1
@JorgeGCastaneda La realidad es q de los punteros ojal√° no las consigan por que solo son distractores que no opci√≥n de presidentes solo les interesa su bien personal,1
@JorgeGCastaneda Y entonces adonde esta ese 30% de electores mexicanos que la apoyan? Estamos hablando de sus casi 20 millones de seguidores,1
@JorgeGCastaneda Como debi√≥ ser m√°s tiempo o menos firmas para lograr registro?,-1
@JorgeGCastaneda Me parece que hablo muy de botepronto cu√°ndo aseguraste semanas atr√°s que 3 de ellos conseguir√≠an las firmas en autom√°tico.,-1
"@JorgeGCastaneda Lo ideal, hubiese sido un s√≥lo candidato independiente REAL, y no tantos independientes dependientes, solo as√≠, ya se hubiera logrado el objetivo.",-1
"@JorgeGCastaneda Pareciera que tienes que crear un partido pol√≠tico o pertenecer a √©l, de otra forma parece imposible. En fin, s√≥lo en √©ste pa√≠s.",1
"@JorgeGCastaneda Pasa simplemente que ninguno tiene la base social suficiente, ni de lejos, para aspirar a ser siquiera candidato. Eso yo lo escrib√≠ desde hace meses.",1
@JorgeGCastaneda c√≥mo siempre excelente comentario con Joaqu√≠n Lopez D√≥riga saludos Dr Casta√±eda,1
"@JorgeGCastaneda Pues son una payasada nada m√°s. Literal, s√≥lo me causan risa!!!",1
"@JorgeGCastaneda Por desgracia ninguno de ellos se dio a la tarea de hacer una estrategia correcta para que la gente los siguiera, aprendan a @pkumamoto que empez√≥ de ""0"" y asi es como ha trabajado de forma correcta, √©l si va a estar en la silla grande (como vulgarmente le dicen)",1
"@JorgeGCastaneda Si, es un asco que nuestro sistema pol√≠tico electoral, tenga c√≠nicamente secuestrada y sometida nuestra democracia‚Äã......ü§î
Esta vez tendremos un presidente electo  con el 25% de votaci√≥n, porque tampoco permiten 2a vuelta..
Saludos",1
"@JorgeGCastaneda Pena que ninguno de ellos te haya agradecido ni citado, siendo que fuiste @JorgeGCastaneda quien realmente abri√≥ este camino. Yo no olvido",1
"@JorgeGCastaneda Asi es, era previsible que fuera complicado y bueno estan dando batalla. Si ser√≠a interesante un independiente en la boleta. Esperemos...",1
"@JorgeGCastaneda Especialmente El Bronco, ya mostro su cobre y la Calderona @Mzavalagc ya la gente sabe que no es ella la que quiere sino su corrupto marido el Alcoholes @FelipeCalderon  asi cuando van a juntar las firmas? A menos claro que sea pagando por ellas.",1
"@JorgeGCastaneda Es demasiado exagerado el n√∫mero de firmas que piden a los candidatos independientes a la presidencia!!! Debates y que se haga una votaci√≥n para elegir al mejor, eso ser√≠a Democracia",1
"@JorgeGCastaneda Definitivamente es un requerimiento elitista,no toda la gente lo entiende y aunque quiera votar por ellos no lo podr√° hacer, hay muchos factores que lo impiden, no es culpa de los aspirantes es muy mala planeacion del INE y p√©sima idea Millenium",1
"@JorgeGCastaneda As√≠ pasar√≠a si cada partido le pusiera esa condicionante a sus candidatos, muchos no conseguir√≠an ni 3000 firmas de sus propio compa√±eros de Partido",1
"@JorgeGCastaneda No se porque presiento que un d√≠a antes 500,000 mexicanos 'dar√°n su apoyo s√∫bitamente' a @Mzavalagc",1
"@JorgeGCastaneda ¬øN ser√° m√°s f√°cil q regresen a sus partidos? y as√≠ nos ahorramos una lana, porque d #CandidatosIndependientes no creo q tengan algo",-1
"@JorgeGCastaneda JAM√ÅS conseguir√°n las FIRMAS, A√∫n que las ""Instituciones de MIERDA"" Le est√©n AYUDANDO",-1
"@JorgeGCastaneda No que margarita estaba muy alta en las encuestas, no debe tener problema para logra las firmas",-1
"@JorgeGCastaneda @ElFinanciero_Mx Jorge no importa a quien elija el pri, no ganara 2018 estamos cansados de tanto robo por parte del pri, tenemos que ir por un independiente, probemos peor no nos puede ir",1
"@JorgeGCastaneda @ElFinanciero_Mx Excelente reflexi√≥n, Jorge Casta√±eda. Saludos",1
"@JorgeGCastaneda Es una desgracia lo que pasa con los seudo precandidatos porque ninguno tiene calidad moral para ser presidente, ojal√° la sociedad lo comprenda.",-1
"@JorgeGCastaneda @ElFinanciero_Mx Ser√° entonces ""cualquier"" candidato para el caso es lo mismo. Lo vimos en la elecci√≥n pasada con los que estaban en el poder. Tambi√©n su candidato fue nada m√°s por llenar el hueco.",-1
"@JorgeGCastaneda @ElFinanciero_Mx Don Jorge, ¬°qu√© buena columna y apuntes!",1
@JorgeGCastaneda ¬øQue pas√≥ con la ayuda que ibas a brindar  a Rios Piter? No te veo recolectando firmas.,1
@JorgeGCastaneda @Foro_TV Es increible lo que se debati√≥. Pense que el candidato del pri iba a ser escogido en el consejo del pri,1
@JorgeGCastaneda @Foro_TV https://t.co/LHhGfJ8fbo,0
@JorgeGCastaneda @RubenAguilar @Foro_TV Don Jorge lo admiro pero cada vez son m√°s aburridos los programas de Leo y sus comentarios de ustedes para llorar.,-1
@JorgeGCastaneda @Foro_TV Nada nuevo,0
"@JorgeGCastaneda @Foro_TV Estuvo muy interesante y muy din√°mico el programa, felicidades; faltaron las palabrotas nada m√°s (la cereza del pastel), saludos. üëè",1
"@JorgeGCastaneda @Foro_TV Muchas gracias, Jorge. Saludos.",1
@JorgeGCastaneda @Foro_TV que @EPN se haga a un lado y que seamos los del @PRI_Nacional quien decidamos y est√° entre @osoriochong  y @JoseNarroR o noüò∏üò∏üò∏,0
"@JorgeGCastaneda eres un ching√≥n maesse, por lo de Narro ‚Äúen caso que fuera muy querido‚Äù",1
@JorgeGCastaneda .. podr√≠a hacerle llegar a EPN sus apuntes...  pars que aprenda https://t.co/tjK4xdyHnR,1
"@JorgeGCastaneda @Foro_TV Ese leo, NO deja hablar ...  lanza la pregunta y de inmediato interrumpe üò© es muy grosero. Ya me arto.
Y ud Sr. no se le vi√≥ üò°",-1
@JorgeGCastaneda @ElFinanciero_Mx Soluciones reales: Disminuci√≥n del n√∫mero de Diputados y Senadores.,0
@JorgeGCastaneda @Foro_TV Yes !,1
@JorgeGCastaneda intelectual pirruris,-1
"@JorgeGCastaneda @Foro_TV No importa a quien ponga el pri, nadie va a votar por el nido de ratas üêÄüêÄüêÄüêÄüêÄüêÄ",-1
@JorgeGCastaneda @Foro_TV ¬øPreg√∫ntele a Leo si el vocero de presidencia l coment√≥ algo n l programa de Loret? Se vio muy ligero al hablar de los ‚Äúlogros‚Äùd esta Adm√≥n,0
@JorgeGCastaneda @Foro_TV el destape del PRI es dedaso los delegados como en EEUU deciden @leozuckermann @aguilarcamin,0
"@JorgeGCastaneda @ElFinanciero_Mx Mediocre crecimiento, pero ¬øQue se puede hacer para revertir esto?",-1
@JorgeGCastaneda @ElFinanciero_Mx Lo √∫nico seguro demostrado hasta ahora es la corrupci√≥n e impunidad y siguiendo as√≠ no habr√° garant√≠as de nada,1
@JorgeGCastaneda @ElFinanciero_Mx La mayor√≠a de los independientes carecen de todo eso que mencionas. No hay plataforma policia ni respaldo alguno a su proyecto (si tienen),-1
@JorgeGCastaneda https://t.co/VKFdlDBl0K,0
"@JorgeGCastaneda  Soy admirador suyo. Solo cuestiono que diga ""haiga"" el lunes 23 de octubre ultimo en la hora de opinar min 8. No es la 1a",1
"@JorgeGCastaneda @ElFinanciero_Mx Coincido. Los franceses y franc√≥filos, son hip√≥critas.",-1
@JorgeGCastaneda @ElFinanciero_Mx Vas a hablar d c√≥mo nos sacaron a Florence Cassez? o de c√≥mo nos cerraron las puertas en 2009 con la gripe aviar? o c√≥mo 0 condolencias 19/9,-1
"@JorgeGCastaneda Mi art√≠culo del 1 de noviembre. Agradezco comentarios y el RT

https://t.co/zzOrM53m8s",0
@JorgeGCastaneda aqui en Mexico investigacion cercana al presidente se aleja de su circulo de cuates!,1
"@JorgeGCastaneda observo la problem√°tica de Independientes por √©so se retiro a tiempo de sus
anhelos.
Pens√≥ nada mas tendr√≠a 3 IFE's en mano",-1
@JoseAMeadeK @lopezobrador_ @PRI_Nacional  Elecciones presidenciales en 2018? Naah! Yo veo un live action mexicano de The Thundercats!! #Meade #AMLO #PRI #Morena https://t.co/jCMtB13HUA,-1
@JoseAMeadeK @Mx_Diputados Jajajajajajjajajajaj. Que buen chiste.,1
@JoseAMeadeK Excelente noticia!,1
@JoseAMeadeK @Mx_Diputados Cuando se trata de joder al pueblo mexicano est√°n bien super coordinados y listos para la robadera.  üêÄüêÄüêÄüêÄüêÄ,-1
"@JoseAMeadeK @jpmorgan @Citibanamex @SantanderMx @BankofAmerica @Barclays @BBVABancomer @HSBC_MX Y Banrrobas? Ese no para que sigan endeudando hasta el tope a estados y municipios de manera irresponsable, siendo un banco de ‚ÄúDesarrollo‚Äù?",-1
@JoseAMeadeK y tambi√©n mayor estabilidad en el mercado üëçüëç,1
@JoseAMeadeK @jpmorgan @Citibanamex @SantanderMx @BankofAmerica @Barclays @BBVABancomer @HSBC_MX que bueno as√≠ se evitan pr√°cticas monop√≥licas y se promueve un trato igualitario,1
@JoseAMeadeK que bien para que las instituciones que emitan t√≠tulos de deuda se adhieran a estas pr√°cticas al llevar a cabo sus operaciones,1
@JoseAMeadeK muy bien secretario con esto habr√° protecci√≥n para los inversionistas,1
@JoseAMeadeK @Mx_Diputados  https://t.co/uf7ja1TjYz,0
@JoseAMeadeK la √©tica como base de los procesos  en las din√°micas de  mercado de valores,1
@JoseAMeadeK muy importante la mejoria de los procesos internos sobre todo,1
"@JoseAMeadeK Hola, ¬øhay alguna situaci√≥n en la que podamos ayudarte? -LJ",1
@JoseAMeadeK un saludo a los participantes quienes lograron el acuerdo,1
@JoseAMeadeK @Mx_Diputados Eso le parece responsable ? Darles millones a los q ya se por si no trabajan y cobran?,1
@JoseAMeadeK @jpmorgan @Citibanamex @SantanderMx @BankofAmerica @Barclays @BBVABancomer @HSBC_MX Que bueno que se mejoraron los est√°ndares y se adopt√≥ el nuevo c√≥digo,1
@JoseAMeadeK @jpmorgan @Citibanamex @SantanderMx @BankofAmerica @Barclays @BBVABancomer @HSBC_MX reglas claras para conductas limpias en beneficio de todos,1
@JoseAMeadeK que se mantenga en los est√°ndares que requiere,1
@JoseAMeadeK las sanas pr√°cticas siempre abonan a la confianza,1
@JoseAMeadeK nada como las reglas y las cuentas claras,1
@JoseAMeadeK enhorabuena es un importante acuerdo,1
"@JoseAMeadeK noticia importante, se cubren muchos aspectos con la adhesi√≥n al c√≥digo",1
@JoseAMeadeK muy importante consenso que dara certeza jur√≠dica en el mercado de valores,1
@JoseAMeadeK @Mx_Diputados hay que reconocer a todos los que hicieron posible la aprobaci√≥n #FinanzasPublicas,1
"@JoseAMeadeK @Mx_Diputados Muy buena noticia, el trabajo en equipo siempre es redituable",1
"@JoseAMeadeK @EPN @JoaquinColdwell y allegados presente:
YA DEJEN DE ESTAR SUBIENDO LA GASOLINA, HIJOS DE SU PUTISIMA MADRE! Y a sus socios delictuosos de gasolinerias que YA NO ROBEN litros.
Mejor Chinguen a su madre.",-1
@JoseAMeadeK @Mx_Diputados muy responsable el papel de los diputados en la aprobaci√≥n,1
@JoseAMeadeK @DiputadosPRI @Mx_Diputados Y lo del grito de ‚Äúeeeh puto‚Äù te parece digno de estos chimpanc√©s que cobran??? Eres parte de la misma mierda,-1
"@JoseAMeadeK @Mx_Diputados Ojal√° fuera real que se haga un presupuesto responsable, desafortunadamente no lo es.",-1
@JoseAMeadeK mucha falta hace ese c√≥digo.-,1
"@JoseAMeadeK ¬°Buenas tardes Lic. Meade! Le escribo de parte del portal de blockchain y criptoactivos https://t.co/Law28jSeoe, nos encantar√≠a conversar con usted sobre su participaci√≥n en el Latin American Blockchain Forum de esta semana.",1
"@JoseAMeadeK Se√±or, usted debe ser el pr√≥ximo presidente de la republica mexicana",1
@JoseAMeadeK @Mx_Diputados coman esto https://t.co/sCOqpQ5inx,-1
@JoseAMeadeK @Mx_Diputados Meade Presidente.,1
@JoseAMeadeK Ya,0
"@JoseAMeadeK Pues si que pondr√° en orden muchas cosas, al menos sobre todos ir√°n sobre la misma metodolog√≠a, siendo definida esta por entes gubernamentales, transparente y apegado a derecho.",1
@JoseAMeadeK Eres Tu.,0
@JoseAMeadeK üëèüëè,1
@JoseAMeadeK El c√≥digo es depredar?,0
"@JoseAMeadeK @jpmorgan @Citibanamex @SantanderMx @BankofAmerica @Barclays @BBVABancomer @HSBC_MX Todas las instituciones bancarias de M√©xico, excelente, supongo eso reglamentar√° ciertas pr√°cticas que usaban para cobrar, o como para que es eso.",1
@JoseAMeadeK Que bien que metan en cintura a los banqueros de M√©xico.,1
@JoseAMeadeK @jpmorgan @Citibanamex @SantanderMx @BankofAmerica pur√≥s b√°ncos üîç b√°jo l√° üîé,1
@JoseAMeadeK La pinche silla de casters esta que mienta madres !!! lo bueno que ya se va hdp!!!! #Reynosa #reynosafollow  @mexico,-1
@JoseAMeadeK @DiputadosPRI @Mx_Diputados Ehhh putos!,-1
@JoseAMeadeK @Mx_Diputados RATAS #CORRUPTOS MEDIOCRES,-1
@JoseAMeadeK Seguro negociarse la venta de activos del pueblo mexicano,-1
"@JoseAMeadeK @melyy220 @Mx_Diputados Un atentado vs la gobernanza del pa√≠s por la manera de aprobar el #PEF2018, despu√©s de autorizarse un bono econ√≥mico de $864 mil pesos, no se lo merecen! ¬øQue no era momento de austeridad despu√©s del 19S? No tienen verg√ºenza.",-1
"@JoseAMeadeK @Mx_Diputados Debieran reducir el presupuesto de los partidos pol√≠ticos, tristemente no hay claridad ni se observa beneficio de lo que gastan",-1
@JoseAMeadeK @Mx_Diputados  https://t.co/8gyDCdcuPa,0
@JoseAMeadeK @Mx_Diputados Que falsas se sienten sus palabras.,-1
"@JoseAMeadeK @Mx_Diputados todos los mexicanos esperamos unas finanzas p√∫blicas sanas, confiamos en su trabajo üëçüèº",1
@JoseAMeadeK @Mx_Diputados ¬øY por eso el jugoso bono de despedida para @Mx_Diputados? No tienen madre!,-1
"@JoseAMeadeK @Mx_Diputados esperamos el presupuesto tenga como prioridad la educaci√≥n y la salud, de igual forma la reconstrucci√≥n de las zonas da√±adas del sismo.",1
@JoseAMeadeK @Mx_Diputados as√≠ es me da gusto ver que hagan a un lado sus diferencias pol√≠ticas y puedan trabajar para buscar el beneficio de los mexicanos,1
@JoseAMeadeK @Mx_Diputados Huevos putos,-1
@JoseAMeadeK @Mx_Diputados trabajando en equipo se hacen mejor las cosas ‚úåüèº,1
@JoseAMeadeK @Mx_Diputados Lo que no me gusta es el superbono que se progamaron le echan mas le√±a al fuego,-1
@JoseAMeadeK @Mx_Diputados Cu√°l trabajo? De donde les ves lo responsable? Se acaban de autorizar mega bono por NO HACER NADA! No sean c√≥mplices! Basta de saqueos! üí∏üí∏üêÄüêÄ,-1
@JoseAMeadeK @Mx_Diputados ¬øas√≠ o m√°s claro de c√≥mo tienen secuestradas las Instituciones y Poderes del pa√≠s?,-1
@JoseAMeadeK @Mx_Diputados Cc @brozoxmiswebs,0
@JoseAMeadeK @Mx_Diputados  https://t.co/zqU5B9SyTG,0
"@JoseAMeadeK @Mx_Diputados MISERABLES DELINCUENTES @Mx_Diputados DISFRAZADOS DE POL√çTICOS RATAS Y CORRUPTOS , SU AMBICI√ìN DESMEDIDA DE PODER NO TIENE L√çMITES, REPRESENTAN SUS INTERESES PERSONALES.",-1
@JoseAMeadeK @Mx_Diputados No pues qu√© manera de regarla @JoseAMeadeK reconoce que!!?? el trabajo de quien!?? par√°sitos corruptos @MxDiputados_  tienes que convencer a los votantes con trabajo y con un sistema tributario honesto.No para los corruptos ricos y servidores p√∫blicos evasores de impuestos,-1
@JoseAMeadeK @Mx_Diputados PINCHES PUERCOS LADRONES CORRUPTOS,-1
"@JoseAMeadeK @Mx_Diputados ¬øAl decir ‚Äúnuestras‚Äù, a quien te refieres?",0
"@JoseAMeadeK @CCQ_PRI @Mx_Diputados No tienen madre, ni un solo diputado se tomo la molestia de leerlo o analizar su impacto, 11 minutos les tomo aprobarlo, nuestros representantes son unos imb√©ciles! Mediocres",-1
@JoseAMeadeK @Mx_Diputados En Veracruz estamos apoy√°ndolo para que sea usted el Pr√≥ximo Presidente,1
"@JoseAMeadeK @Mx_Diputados Ese rollo no convence a nadie, menos a ti, inepto.",-1
@JoseAMeadeK @Mx_Diputados Para ustedes nada mas,0
"@JoseAMeadeK @Mx_Diputados Las finanzas publicas sanas son lo principal para mantener este pa√≠s a flote, buen trabajo .",1
"@JoseAMeadeK @Mx_Diputados Los diputados del @PRI_Nacional @AccionNacional @MovCiudadanoMX @PRDMexico @partidoverdemex @PesMorelosof @NuevaAlianza son unos corruptos y traidores, solapando todo al gobierno federal.con m√°s raz√≥n vamos con MORENA",-1
"@JoseAMeadeK @Mx_Diputados Es bueno saber que todo se coordinan por un mejor M√©xico, haciendo a un lado sus diferencias pol√≠ticas.",1
@JoseAMeadeK el ceniciento de Salinas a√∫n as√≠ votarias por el? https://t.co/hgdIzPQY4f,-1
@JoseAMeadeK  ‚òòÔ∏èla opci√≥n inteligente para M√©xico #Presidenciales2017,1
@JoseAMeadeK https://t.co/GL82LQxUOp,0
"@JoseAMeadeK, ¬øsobrevalorado? Mi columna en @El_Universal_Mx https://t.co/NBLefipxDc #felizviernes #PRI #elecciones2018 #candidatos #2018 https://t.co/OPtForGW5P",0
"@JoseAMeadeK @Tec_CSF Gracias por interesarse en escucharnos, esto demuestra el compromiso que tiene con todos los sectores.",1
"@JoseAMeadeK @Tec_CSF Por una m√≥dica cantidad, le reviso sus tuits para que no los env√≠e sin acentos, no queme a lo burro",-1
@JoseAMeadeK  Ya tiene todo listo? Nunca tendr√° mi voto! @NO_PRI_2018 @Milenio @MtyFollow @Mx_Diputados @senadomexicano @washingtonpost @nytimes #Mexico #CDMX #Edomex @lasillarota @PresidenciaMX @osoriochong @aurelionuno #Tampico https://t.co/ZgkXxfysy5,-1
"@JoseAMeadeK @Tec_CSF Que bueno que los j√≥venes se interesen por al vida pol√≠tica del pais, de su futuro, entre todos podesmo hacer un gran equipo por #Mexico . Saludos. #FelizViernes #FelizFinDeSemana #QueMeRecuerdenPor",1
"@JoseAMeadeK Si quieres que el pais avanze de verdad, entonces confiesa tus #crimenes, junto a los que ayuden a encarcelar a @EPN, @EnriqueOchoaR y el resto del @PRI_Nacional junto a sus partidos titere #VerdeEcologista, #NuevaAlianza y #EncuentroSocial. No permitiremos otro #FraudeElectoral. https://t.co/l1YlfSKeAI",-1
"@JoseAMeadeK @EPN @Pemex hey bola de rateros de mierda, hoy en GDL y Zapopan amaneci√≥ la gasolina roja en 18.51! y para cuando se supone que baja el precio? #NoAlGasolinazo",-1
@JoseAMeadeK @Tec_CSF  https://t.co/uLTNvdfK6q,0
@JoseAMeadeK @Tec_CSF  https://t.co/8TQfbgPuwi,0
@JoseAMeadeK Inche dienton ya te saboreas esa lanaüí©üí©,-1
@JoseAMeadeK @Tec_CSF Y eso en el tema econ√≥mico etc c√≥mo est√° el tema. O es campa√±a pol√≠tica,1
@JoseAMeadeK #SABIAS QUE? RECONSTRUCCI√ìN MEXICO 36 MIL MILLONES PESOS.GASTOS DE PE√ëA PUBLICIDAD 60MIL MILLONES DE PESOS ......Indignante el gasto de Pe√±a con nuestro dinero,-1
"@JoseAMeadeK esta dif√≠cil, muy dif√≠cil situaci√≥n para ti, ya @EPN y secuaces desmantelaron la democracia y econom√≠a de #Mexico    #Hartazgo #FueraPri",-1
@JoseAMeadeK entre in√∫tiles ...=üëá https://t.co/ZoUFC7XwoA,-1
"@JoseAMeadeK @Tec_CSF Hoy imaginamos al PRI y a sus nefastos ""Secretarios"" fuera de nuestras vidas. Imaginar eso: No m√°s PRI y sus nefastos ""Secretarios"" Eso s√≠ es alentador",-1
"@JoseAMeadeK Y mentir...y tambi√©n robar...Porque lo que se promete en campa√±a jam√°s se cumple: La Luz es m√°s cara, la gasolina y el gas tambi√©n, y las ""Reformas"" solo sirven a unos cuantos.",-1
"@JoseAMeadeK @Tec_CSF ¬øCon los mimados del TEC? Vete a escuchar a la gente de barrio y las escuelas p√∫blicas, para escuches la realidad del pueblo.",-1
"@JoseAMeadeK @Pemex Estamos a punto de realmente unirnos contra todos uds. Rateros , ya vendieron casi todas la petroqu√≠micas.",-1
"@JoseAMeadeK @Pemex Ya dejen de robarnos, bajen la gasolina es del pueblo Pemex!!",-1
"@JoseAMeadeK @gobmx C√≥mo ayuda esto a las licitaciones del servicios p√∫blicos , en particular transporte,? Que es un caso en la ciudad?",-1
"@JoseAMeadeK @Tec_CSF PUES LA REALIDAD DEL PANORAMA PARA EL PAIS ESTA JODIDO, LA ECONOMIA ,DESEMPLEO Y DESIGUALDAD EST√ÅN PEOR, SOLO PARA USTEDES LOS RICOS SE VE MEJOR",-1
@JoseAMeadeK @gobmx Ded√≠quese a servir en hacienda no ande de panochon en otros lugares. Haciendo campa√±a sucia para el PRIAN saludos sr. Hacienda,-1
@JoseAMeadeK es el candidato natural para ser gobernador de @Banxico si su nombre no est√° en la terna es por que ser√° el candidato a la presidencia de la Rep√∫blica por el @PRI_Nacional //va una apuesta por una cena.,1
@JoseAMeadeK @Tec_CSF Por ac√° lo esperamos por la BCS! Gran amigo Secretario Jose Antonio Meade K.,1
"@JoseAMeadeK @Tec_CSF sera mucho mejor sin las lacras sinverg√ºenzas y ratas que son ustedes, saqueadores del pais , vendepatrias",-1
"@pkumamoto soy mexicano y vivo en el extranjero, c√≥mo puedo hacer para que registres mi firma y apoyarte?",1
"@pkumamoto Difiero desde el cari√±o :) prefiero abrir puertas, ventanas y cada poro de las instituciones para que nunca m√°s puedan cerrar la pol√≠tica a las personas. #YofirmoKumamoto",1
@pkumamoto Y el apoyo a Temacapulin Jalisco cuando ?,-1
@pkumamoto üòÇ,1
@pkumamoto todos los mexicanos t apoyamos.sigue luchando para k tengamos un pa√≠s m√°s equitativo,1
@pkumamoto @PabloMontanoB @AlbertoVale13 @Rodrigo_Cornejo @WikipoliticaJal @Susanaochoach @JuanYvesPalomar @joseantesyois @regina_arauz @PaoolaFT @susanadelar En cdmx como firmamos?,1
"@pkumamoto @anafvega Tengo una duda: Sin un Presupuesto asignado que har√°n los Gobiernos Federales, Estatales y Municipales ? Tendr√°n el Pretexto de decir: No hubo resultados por falta de Presupuesto; yo creo que las Auditor√≠as y rendici√≥n de cuentas deben ser Extremas para evitar Robo.",0
@pkumamoto @PabloMontanoB @AlbertoVale13 @Rodrigo_Cornejo @WikipoliticaJal @Susanaochoach @JuanYvesPalomar @joseantesyois @regina_arauz @PaoolaFT @susanadelar Yamamates Kumamoto,-1
@pkumamoto @PabloMontanoB @AlbertoVale13 @Rodrigo_Cornejo @WikipoliticaJal @Susanaochoach @JuanYvesPalomar @joseantesyois @regina_arauz @PaoolaFT @susanadelar @pkumamoto y la demagogia.,0
"@pkumamoto @PabloMontanoB @AlbertoVale13 @Rodrigo_Cornejo @WikipoliticaJal @Susanaochoach @JuanYvesPalomar @joseantesyois @regina_arauz @PaoolaFT @susanadelar Excelente la opini√≥n de los ni√±os, son el futuro de nuestro M√©xico, lamentablemente los que dicen saber de las instituciones y politica no tienen conocimiento de como preparar las futuras feneraciones",0
@pkumamoto @AlbertoVale13 @Rodrigo_Cornejo @PabloMontanoB @WikipoliticaJal @EquipoDeKuma Hola! En qu√© zona del tianguis de Tonal√° estar√°n?,1
@pkumamoto @PabloMontanoB @AlbertoVale13 @Rodrigo_Cornejo @WikipoliticaJal @Susanaochoach @JuanYvesPalomar @joseantesyois @regina_arauz @PaoolaFT @susanadelar No mames ni√±os y politica vez como eres Tonto,-1
@pkumamoto @PabloMontanoB @AlbertoVale13 @Rodrigo_Cornejo @WikipoliticaJal @Susanaochoach @JuanYvesPalomar @joseantesyois @regina_arauz @PaoolaFT @susanadelar Tu puedes pedro!!!! √âxito.,1
@pkumamoto @PabloMontanoB @AlbertoVale13 @Rodrigo_Cornejo @WikipoliticaJal @Susanaochoach @JuanYvesPalomar @joseantesyois @regina_arauz @PaoolaFT @susanadelar Se quejan de que los pol√≠ticos nunca andan en la calle con la gente; alguien sale a la calle con la gente e igual se quejan. Nada les embona,1
"@pkumamoto @AlbertoVale13 @Rodrigo_Cornejo @PabloMontanoB @WikipoliticaJal @EquipoDeKuma Para que quieres firmas kumamoto para que desaparezcan los partidos ,les tienes miedo o crees no poder competir contra ellos?",-1
@pkumamoto @PabloMontanoB @AlbertoVale13 @Rodrigo_Cornejo @WikipoliticaJal @Susanaochoach @JuanYvesPalomar @joseantesyois @regina_arauz @PaoolaFT @susanadelar Excelente. üëçüëçüëç,1
@pkumamoto @AlbertoVale13 @Rodrigo_Cornejo @PabloMontanoB @WikipoliticaJal @EquipoDeKuma Los esperamos en Paseos del Sol.,1
@pkumamoto @PabloMontanoB @AlbertoVale13 @Rodrigo_Cornejo @WikipoliticaJal @Susanaochoach @JuanYvesPalomar @joseantesyois @regina_arauz @PaoolaFT @susanadelar Excelente,1
"@pkumamoto @Rodrigo_Cornejo @EquipoDeKuma @AlbertoVale13 @Susanaochoach @WikipoliticaJal @PabloMontanoB @JuanitaDelgadoQ Vamos muchachos es refrescante ver a jovenes que no estan dormidos por un mesias o partido, adelante de los jovenes depende el gran cambio de M√©xico",1
"@pkumamoto @PabloMontanoB @AlbertoVale13 @Rodrigo_Cornejo @WikipoliticaJal @Susanaochoach @JuanYvesPalomar @joseantesyois @regina_arauz @PaoolaFT @susanadelar Como son haters algunos, bien dicen ningun Chile les embona, habla de participaci√≥n de ni√±os y otros ya estan pensando a ponerlos a debatir una reforma energ√©tica üòÇüòÇ. O lo ponen a la par de la exploraci√≥n laboral infantil. Dejen de mamar y tengan tantito criterio rid√≠culos.",-1
@pkumamoto @PabloMontanoB @AlbertoVale13 @Rodrigo_Cornejo @WikipoliticaJal @Susanaochoach @JuanYvesPalomar @joseantesyois @regina_arauz @PaoolaFT @susanadelar SI SER POL√çTICO EST√Å DEL ASCOOO ... usar a ni√±os es tener ORFANDAD MATERNA ..,-1
@pkumamoto @PabloMontanoB @AlbertoVale13 @Rodrigo_Cornejo @WikipoliticaJal @Susanaochoach @JuanYvesPalomar @joseantesyois @regina_arauz @PaoolaFT @susanadelar Vamos con todo Kuma,1
@pkumamoto @PabloMontanoB @AlbertoVale13 @Rodrigo_Cornejo @WikipoliticaJal @Susanaochoach @JuanYvesPalomar @joseantesyois @regina_arauz @PaoolaFT @susanadelar Vendadas a√∫n por la inocencia. Metele a lo bueno. No interrumpas su feliz infancia,-1
@pkumamoto @RodrigoMCLEON Pedro no te queda de otra m√°s que seguir trabajando o chingandole para que los hechos hablen ‚úåüèº,1
"@pkumamoto @PabloMontanoB @AlbertoVale13 @Rodrigo_Cornejo @WikipoliticaJal @Susanaochoach @JuanYvesPalomar @joseantesyois @regina_arauz @PaoolaFT @susanadelar La diversidad de pensamiento es una maravilla, unos en contra otros a favor. Al final",0
@pkumamoto @daffpena @PabloMontanoB @AlbertoVale13 @Rodrigo_Cornejo @WikipoliticaJal @Susanaochoach @JuanYvesPalomar @joseantesyois @regina_arauz @PaoolaFT @susanadelar Qu√© sandeces dices...,-1
@pkumamoto https://t.co/XH0FiUdIQ3,0
"@pkumamoto @WikipoliticaJal @PabloMontanoB @AlbertoVale13 @Rodrigo_Cornejo @Susanaochoach @JuanYvesPalomar @joseantesyois @regina_arauz @PaoolaFT @susanadelar no pierdas onda, entusiasmo exagerado ""que los ni√±os""hagan pol√≠tica""""es una tarea pendiente""no mammar una raya menos al falso optimismo",-1
@pkumamoto @Nacion321 @PabloMontanoB @AlbertoVale13 @Rodrigo_Cornejo @WikipoliticaJal @Susanaochoach @JuanYvesPalomar @joseantesyois @regina_arauz @PaoolaFT @susanadelar Buena reflexi√≥n,1
@pkumamoto @PabloMontanoB @AlbertoVale13 @Rodrigo_Cornejo @WikipoliticaJal @Susanaochoach @JuanYvesPalomar @joseantesyois @regina_arauz @PaoolaFT @susanadelar No abuses de tu condici√≥n no seas mam√≥n,-1
@pkumamoto Claro que no eres t√∫ pkumamoto! es totalmente obvio. Pero que esperar de la mafia pol√≠tica mexicana!!,1
"@pkumamoto @AlbertoVale13 @Rodrigo_Cornejo @PabloMontanoB @WikipoliticaJal @EquipoDeKuma YO FIRMEHACE 1 MES  , SI SE PUDIERA REPETIR LO HARIA . GENTE HAY QUE DARLE LA FIRMA AL EQUIPO KUMAMOTO PARA QUE SUSTITUYAN A LOS PARTIDOS RATAS",1
"@pkumamoto @PabloMontanoB @AlbertoVale13 @Rodrigo_Cornejo @WikipoliticaJal @Susanaochoach @JuanYvesPalomar @joseantesyois @regina_arauz @PaoolaFT @susanadelar Ya no puedes subir una foto as√≠, por qu√© salen los defensores de las redes criticando todo üôÑ",0
"@pkumamoto
Mejor l√°nzate por la grande, ya nos urge tener un presidente como tu",1
"@pkumamoto @PabloMontanoB @AlbertoVale13 @Rodrigo_Cornejo @WikipoliticaJal @Susanaochoach @JuanYvesPalomar @joseantesyois @regina_arauz @PaoolaFT @susanadelar S√≠, los ni√±os harapientos y sin una comida completa a d√≠a del oriente del AMG de seguro estar√°n tambi√©n interesados en participar en pol√≠tica...",-1
@pkumamoto C√≥mo vamos?,0
@pkumamoto @PabloMontanoB @AlbertoVale13 @Rodrigo_Cornejo @WikipoliticaJal @Susanaochoach @JuanYvesPalomar @joseantesyois @regina_arauz @PaoolaFT @susanadelar La verdad es que esto ya me parece chaf√≠sima.,-1
"@pkumamoto @PabloMontanoB @AlbertoVale13 @Rodrigo_Cornejo @WikipoliticaJal @Susanaochoach @JuanYvesPalomar @joseantesyois @regina_arauz @PaoolaFT @susanadelar ¬øY qu√©, ahora comenzar√°s a besar beb√©s?",-1
@pkumamoto @AlbertoVale13 @Rodrigo_Cornejo @PabloMontanoB @WikipoliticaJal @EquipoDeKuma Hasta que hora estar√°n el viernes en CUCEI?,1
"@pkumamoto Por que no te haces presente para pedir tus firmas en Temacapulin Jalisco, te da miedo ?",-1
@pkumamoto @AlbertoVale13 @Rodrigo_Cornejo @PabloMontanoB @WikipoliticaJal @EquipoDeKuma @ISIS AQU√ç PARFAVAR,-1
@pkumamoto @PabloMontanoB @AlbertoVale13 @Rodrigo_Cornejo @WikipoliticaJal @Susanaochoach @JuanYvesPalomar @joseantesyois @regina_arauz @PaoolaFT @susanadelar Ay no mame,-1
"@pkumamoto @PabloMontanoB @AlbertoVale13 @Rodrigo_Cornejo @WikipoliticaJal @Susanaochoach @JuanYvesPalomar @joseantesyois @regina_arauz @PaoolaFT @susanadelar Le√≠ la columna y sent√≠ bonito como tanta gente se suma a un proyecto q muchos pensaron q no iba a llegar y ahora toma m√°s fuerza q nunca. Creo q el cambio lo hacemos todos, desde donde estamos con las herramientas q cada uno tiene.Admiro tu compromiso y desde lejos sigo proyecto",1
"@pkumamoto @PabloMontanoB @AlbertoVale13 @Rodrigo_Cornejo @WikipoliticaJal @Susanaochoach @JuanYvesPalomar @joseantesyois @regina_arauz @PaoolaFT @susanadelar Opino que los ni√±os deben ser ni√±os, me parece deleznable usarlos en la pol√≠tica. Solo se debe fomentar la cultura de participaci√≥n. Lo que se debe revisar es la mayor√≠a de edad.",0
@pkumamoto @PabloMontanoB @AlbertoVale13 @Rodrigo_Cornejo @WikipoliticaJal @Susanaochoach @JuanYvesPalomar @joseantesyois @regina_arauz @PaoolaFT @susanadelar Que te firmen la playera y la guardas como tu mejor trofeo/reconocimiento.,1
@pkumamoto @PabloMontanoB @AlbertoVale13 @Rodrigo_Cornejo @WikipoliticaJal @Susanaochoach @JuanYvesPalomar @joseantesyois @regina_arauz @PaoolaFT @susanadelar Si pudiera hasta yo firmara üí™,1
@pkumamoto cuando estar√°n cerca de Belenes para dar mi firma?,1
@pkumamoto @AlbertoVale13 @Rodrigo_Cornejo @PabloMontanoB @WikipoliticaJal @EquipoDeKuma Firm√≥.,1
@pkumamoto @EquipoDeKuma @PabloMontanoB @WikipoliticaJal son mi esperanza cabrones... echenle,1
"@pkumamoto @AlbertoVale13 @Rodrigo_Cornejo @PabloMontanoB @WikipoliticaJal @EquipoDeKuma He Kuma ya bajale. Est√° bien que la recolecci√≥n te trae en chinga y es tu prioridad,  pero tu Twitter est√° insoportablemente propagandista y repetitivo. De perdido metele la receta de unas galletitas...",-1
@pkumamoto y donde voto?,1
@pkumamoto @AlbertoVale13 @Rodrigo_Cornejo @PabloMontanoB @WikipoliticaJal @EquipoDeKuma Domingo glorieta Chapalita ah√≠ nos vemos üëçüèª,1
@pkumamoto @AlbertoVale13 @Rodrigo_Cornejo @PabloMontanoB @WikipoliticaJal @EquipoDeKuma @pkumamoto  Qu√© bueno que pusiste las fechas y los lugares indicados porque yo tengo que ir a firmar YAAA,1
@pkumamoto @CSaizar @AlbertoVale13 @Rodrigo_Cornejo @PabloMontanoB @WikipoliticaJal @EquipoDeKuma Quien chingados es ese pendejo,-1
@pkumamoto Ja ja ja nos piensan idiotas?...,-1
"@pkumamoto Con Paso Firme A Obtener La Candidatura Independiente Al Senado
#CentrodelasNoticias

https://t.co/V2uB9sNyoG https://t.co/QQYMhfjY7M",0
@pkumamoto @PabloMontanoB @AlbertoVale13 @Rodrigo_Cornejo @WikipoliticaJal Te firm√© en el #212 :D,1
@pkumamoto @AlbertoVale13 @Rodrigo_Cornejo @PabloMontanoB @WikipoliticaJal @EquipoDeKuma Cuando Tlaquepaque???,1
@pkumamoto @AlbertoVale13 @Rodrigo_Cornejo @PabloMontanoB @WikipoliticaJal @EquipoDeKuma Ya pasaron por oblatos?,1
@pkumamoto @AlbertoVale13 @Rodrigo_Cornejo @PabloMontanoB @WikipoliticaJal @EquipoDeKuma Al centro de Tlaquepaque vendr√°n pronto?,1
@pkumamoto @AlbertoVale13 @Rodrigo_Cornejo @PabloMontanoB @WikipoliticaJal @EquipoDeKuma Cuando a CUUAD?,1
@pkumamoto @AlbertoVale13 @Rodrigo_Cornejo @PabloMontanoB @WikipoliticaJal @EquipoDeKuma Los que estamos en otro estado pueden firmar? C√≥mo?,1
"@pkumamoto @AlbertoVale13 @Rodrigo_Cornejo @PabloMontanoB @WikipoliticaJal @EquipoDeKuma Kuma, el Grooves &amp; Blues fue cancelado -_-. A√∫n te debo mi firma, pero espero coincidir pronto! Espero el domingo en Chapalita :)",1
@pkumamoto @AlbertoVale13 @Rodrigo_Cornejo @PabloMontanoB @WikipoliticaJal @EquipoDeKuma No.,0
@pkumamoto ¬øD√≥nde van a estar recabando firmas hoy?,1
@pkumamoto c√≥mo hace uno en CDMX para firmar por tu candidatura para el Senado? Gracias!,1
@pkumamoto @MarzhePdL @EquipoDeKuma @PabloMontanoB @WikipoliticaJal Chapul√≠nes d√≠as!,1
@pkumamoto @chris_mx84 @Rodrigo_Cornejo @WikipoliticaJal @EquipoDeKuma @Ballartaesputo @Britovsky @CarlosLoret @jrisco Seg√∫n las reglas de ortograf√≠a no es necesario decir LAS y LOS cuando escribes LOS VECINOS significa ELLOS y ELLAS,0
"@pkumamoto, @xitlalicceja, #Propuesta: que los bonos de nuestros funcionarios (Diputados, senadores y dem√°s) se vote por el pueblo donde se califique el trabajo y resultados de.
Basados en al menos 2 rubros
1) % de votantes
2) Calificaci√≥n de votantes",0
@pkumamoto @EquipoDeKuma @PabloMontanoB @WikipoliticaJal L√°nzate para gobernador de Jalisco,1
"@pkumamoto Deber√≠as ense√±arle, dice que si te postulas a cargos peque√±os no puedes hacer cambios importantes https://t.co/Qbf7g7W93E",1
"@pkumamoto @Rodrigo_Cornejo @AlbertoVale13 @EquipoDeKuma @PabloMontanoB @WikipoliticaJal üëç bien Pedro, recuerda mencionar siempre ‚Äúgracias por tu firma, espero tu voto‚Äù ¬°abrazo!",1
@pkumamoto @Rodrigo_Cornejo @EquipoDeKuma @AlbertoVale13 @Susanaochoach @WikipoliticaJal @PabloMontanoB @JuanitaDelgadoQ Pedro muchos ciudadanos en face preguntan por qu√© no vas a colonias populares?,1
@pkumamoto @WikipoliticaJal @AlbertoVale13 @Susanaochoach @PaoolaFT Yo ya!!! üëçüèª,1
"@pkumamoto gustazo conocerte carnal, llevo 3 a√±os apoyando tu proyecto. ¬°‚ÄôNo nos soltemos! https://t.co/FH02KF7OoJ",1
@pkumamoto @WikipoliticaJal @AlbertoVale13 @Susanaochoach @PaoolaFT Kumaaaa ya no se te puede apoyar en este momento ?,1
@pkumamoto @WikipoliticaJal @Rodrigo_Cornejo @sonia_ssi @PabloMontanoB @AlbertoVale13 @EquipoDeKuma @_OscarAugusto @jrisco @Susanaochoach @hectorguilleng Como puedo apoyar con mi firma??,1
@pkumamoto @Rodrigo_Cornejo @WikipoliticaJal @EquipoDeKuma @Ballartaesputo @Britovsky @CarlosLoret @jrisco üëçüèªüëèüèªüëèüèªüëèüèªüëãüèª,1
"@pkumamoto @Rodrigo_Cornejo @EquipoDeKuma @AlbertoVale13 @Susanaochoach @WikipoliticaJal @PabloMontanoB @JuanitaDelgadoQ Pedro necesitamos activarnos como sociedad, participaci√≥n p√∫blica en todas las desiciones de cada una de nuestras ciudades, si comenzamos ciudad X ciudad =estado X estado= MEXICO",1
@pkumamoto No estoy en tu demarcaci√≥n pero de coraz√≥n deseo que llegues al senado,1
@pkumamoto @EquipoDeKuma @PabloMontanoB @WikipoliticaJal Hoy x fin pude firmar! üòÉ‚úåüèº,1
"@pkumamoto @Rodrigo_Cornejo @EquipoDeKuma @AlbertoVale13 @Susanaochoach @WikipoliticaJal @PabloMontanoB @JuanitaDelgadoQ Siga con su trabajo honesto, los mexicanos se lo reconocemos!",1
"@pkumamoto @Rodrigo_Cornejo @EquipoDeKuma @AlbertoVale13 @Susanaochoach @WikipoliticaJal @PabloMontanoB @JuanitaDelgadoQ Sin duda se mira mas gente apoyando a Kumamoto que a la calderona .
Habr√° que ver a quien sirve de verdad el buen Kuma si esta con el pueblo o es caballo de Troya . https://t.co/mETUcUd9bW",1
@pkumamoto @Rodrigo_Cornejo @AlbertoVale13 @EquipoDeKuma @PabloMontanoB @WikipoliticaJal Cuantas firmas llevamos?,1
@pkumamoto Va a a ir al sur de Guadalajara?  Polanco Miravalle Echeverria etc etc?,0
@pkumamoto @WikipoliticaJal @AlbertoVale13 @Susanaochoach @PaoolaFT #FirmaKumamoto  ya listo mi voto en puerto vallarta #VamosAReemplazarles,1
@pkumamoto ma√±ana donde estaran para ir a firmar y horarios?,1
"@pkumamoto Pedro, para mi eres el √∫nico que pudiera llegar a estar en un puesto pol√≠tico, no eres como los dem√°s, se nota que est√°s para ayudar.!!! Eres mi gallo.!!",1
"@pkumamoto Muy bien Pedro, firm√© y espero logres tu objetivo, eres un ejemplo para todos, si puedo ayudar en algo inf√≥rmame c√≥mo, estoy en Gdl y Tepa. Saludos y √©xito.",1
@pkumamoto quiero ser como tu,1
@pkumamoto una imagen con que acabas de describir seria de mucha ayuda! Echale ganas,1
"@pkumamoto Disculpe, ¬øes v√°lido luchar por un puesto p√∫blico sin terminar el otro?, es el cl√°sico ‚Äúchapulinismo‚Äù de los pol√≠ticos de siempre, ¬øacaso usted ya es un pol√≠tico m√°s? Saludos.",-1
@pkumamoto #FirmaKumamoto,1
@pkumamoto @Rodrigo_Cornejo @WikipoliticaJal @EquipoDeKuma @Ballartaesputo @Britovsky @CarlosLoret @jrisco Lo importante es el mensaje de lo que pretenden hacer con estos cambios.@pkumamoto vas bien. üëçüëçüëç Mexicanos habran su mente a lo verdaderamente importante. √Ånimo h√°ganos la diferencia.,1
@pkumamoto @Rodrigo_Cornejo @AlbertoVale13 @EquipoDeKuma @PabloMontanoB @WikipoliticaJal Ya estuve con ustedes temprano. pero desde aqui les enviamos un granüëãüôåüôåüôå üëã,1
@pkumamoto @Rodrigo_Cornejo @WikipoliticaJal @jrisco @CarlosLoret @alvaro_qc @sonia_ssi @PabloMontanoB @AlbertoVale13 @EquipoDeKuma Felicidades haremos la diferencia üëçüëçüëçüëç,1
@pkumamoto @WikipoliticaJal @AlbertoVale13 @Susanaochoach @PaoolaFT Felicidades hermano estoy seguro que ganaras. Espero que trabajes muy duro por la gente de Jalisco y cuando seas candidato a la presidencia de la rep√∫blica tendr√°s mi voto.,1
@pkumamoto @WikipoliticaJal @AlbertoVale13 @Susanaochoach @PaoolaFT Pedro si eran colaboradores tuyos los que estaban hoy en Chapalita?,1
@pkumamoto https://t.co/GIQu6amwWH,0
@pkumamoto @EquipoDeKuma @PabloMontanoB @WikipoliticaJal Fue @gatho_al  jajaja me acorde de usted,0
@PedroFerriz @ileana_Mex @INEMexico Pero tambi√©n el correo electr√≥nico y su clave para que autentifique al operador.,0
@PedroFerriz importante porque al llegar a este paso en el App del @INEMexico surge la duda de que chingados es eso: https://t.co/gS9Ecdn9pc,-1
"@PedroFerriz Pobr payaso. Ni con los v√≠deos que te hace televisa-deforma, levantas xD",-1
"@PedroFerriz En donde puedo ir a registrar mi firma por su candidatura?, muchas gracias, vivo en la CD.MX. delegaci√≥n Coyoac√°n.",1
@PedroFerriz @INEMexico Y cuales son los c√≥digos?,1
"@PedroFerriz @INEMexico En donde puedo ir a registrar mi firma por su candidatura?, gracias, vivo en la CD.MX. delegaci√≥n Coyoac√°n.",1
"@PedroFerriz Eres un t√≠tere Ferriz nunca votar√≠a por ti, y lo sabes, haciendo esto solo es para mantener tus  contratos en tu medio informativo, ve hacer pendejos a otros, traidor.",1
@PedroFerriz Decr√©pito,-1
"@PedroFerriz @INEMexico Esperamos tu Respuesta
 Gacias",1
@PedroFerriz @INEMexico üëèüèªüëèüèªüëèüèªüëèüèª,1
@PedroFerriz Diles como en el teleton eso funciona mas y deja de decir el cambio apurate porque si no no vas a realizar tu sue√±o  para tu futuro hazles creer que te importan la ganancia es tuya,-1
@PedroFerriz @INEMexico Deja de criticar a los demas y ponte a trabajar para logres tu partido dejes herencia y vivas mejor no te fijes en los demas,-1
@PedroFerriz @DaroldCoronado @INEMexico 4millones pero no llegas ni al 10% de eso.,0
@PedroFerriz Ya se arm√≥. El OCR/CIC es el n√∫mero de credencial que viene al adverso de la misma. ü§òüèº,0
"@PedroFerriz @INEMexico Mejor pide que prolonguen el tiempo de firmas, hasta el 2024, pu√±etas, a ver si as√≠ puedes completar,, ya deja de hacer el ridiculo y declina por la pinch√© marychu",1
@PedroFerriz y @pedroferriz3 ‚Äî- qu√© es ‚ÄúOCR/CIC‚Äù? -en la credencial para votar al querer mandar la foto...,1
@PedroFerriz C√≥mo mendigar una firma?,-1
@PedroFerriz @dedo1976 @INEMexico Ni madres! por q me vas a fallar como lo hiciste con .. bueno ya ni de eso hay que hablar!!!!,-1
@PedroFerriz @INEMexico Urge,0
@PedroFerriz @INEMexico Incr√©dula palomita. No todos los que te seguimos te apoyamos. Solo lee las respuestas a tus tweets,-1
@PedroFerriz @INEMexico Sale a flote de volada tu inmoralidad.,-1
@PedroFerriz @INEMexico Ok,0
@PedroFerriz urge üì± // pasando la voz #2018 #Mexico https://t.co/Hjd5RZDKRP,0
"@PedroFerriz el link que pusiste en FB no manda a la App,por favor comparte por ac√° tambi√©n. Es esta la App? Para mandarte mi credencial de elector YA. https://t.co/kR6hNvyrXg",1
"@PedroFerriz @INEMexico No gracias, lastres de la democracia no, s√≥lo sirven para restar votos, hay que romper el establishment, y yo ya s√© con quien se puede",1
@PedroFerriz @INEMexico √âchale pues!!! M√°ndanos el c√≥digo!!!,1
@PedroFerriz @INEMexico De qu√© va a ser Srio. Harfuch y la  chiquita?,0
@PedroFerriz @INEMexico Ahorita no joven!,-1
@PedroFerriz @INEMexico estoy contigo pero no estoy de acuerdo en dividir el voto.... necesitamos unidad.,1
"@PedroFerriz @INEMexico Seria buena opcion, excelente",1
"@PedroFerriz @HumanKenn @INEMexico Est√°s muy seguro, Pedro, ¬øQUE CON TU CANDIDATURA, NO SER√ÅS T√ö EL QUE LE EST√â HACIENDO EL JUEGO AL GOBIERNO?",-1
@PedroFerriz @CiroGomezL Pinche par de VENDIDOS! Ya la historia se encargar√° de enterrarlos y juzgarlos en la basura de la ignominia.,-1
@PedroFerriz ya Pedro registrarme. C√≥mo le hago,1
@PedroFerriz @INEMexico Gracias üëçüëçüëç,1
"@PedroFerriz Pedro yo quiero votar por ti, que tengo que hacer.",1
@PedroFerriz @INEMexico El C√≥digo lo pueden adquirir en las principales librer√≠as del pa√≠s. https://t.co/2ulSuc1e2G,1
@PedroFerriz @INEMexico Yo ya mande mis datos a Alberto G Sarubi y no me ha mandado nada,1
"@PedroFerriz @ivanarturomay @INEMexico Tus 37 mil firmas siguen en revisi√≥n, entonces para q sirve la aplicaci√≥n, las q pasan ya pasaron",1
@PedroFerriz @HumanKenn @INEMexico El burro hablando de orejas!!!!,-1
"@PedroFerriz Hola, como puedo apoyar con mi firma? Ni idea de como hacerlo",1
"@PedroFerriz @INEMexico Solamente Dios y @realDonaldTrump , son los √∫nicos que pueden salvar a M√©xico. https://t.co/RR0lIwQXtd",0
"@PedroFerriz ¬°Vaya ortograf√≠a en tu tweet! üòè
¬øQui√©n te lo escribi√≥, tu bot el que se ostenta como ""Doctor""?
Imagino que ya en el caso de tu improbable campa√±a presidencial si tendr√°$$$ para mejores.
üòÇüòéüòÇüòé",-1
"@PedroFerriz Si te envio la foto de mi credencial, funcionaria?",1
@PedroFerriz @HumanKenn @INEMexico T√∫ eres quien se lo hace fragmentando el voto no ganas ni una presidencia municipalüòÅüòÅüòÅ,-1
@PedroFerriz @INEMexico Haz un video de como se debe hacer paso a paso. Para que quede mas claro,1
@PedroFerriz @ivanarturomay @INEMexico T√∫ 3% de avance de un cien y a cu√°ntos dias,1
"@PedroFerriz Eres un miserable distractor Ferriz, no eres persona de fiar! Este movimiento es para distraer y facilitar al PRI su jugada!!!",-1
@PedroFerriz @ivanarturomay @INEMexico Si demasiadas para las que se necesitanüòÇüòÇüòÇ,0
"@PedroFerriz @jnicanorb @INEMexico Eres una persona tan arrogante, con tampoco criterio y muy bien sabes que jam√°s ser√°s presidente de la rep√∫blica es m√°s no creo que llegues ni juntar las firmas necesarias pero bueno lo peor es tu actitud servil al sistema",-1
"@PedroFerriz @maremoto16 @INEMexico ¬øAtaques ad hominem?
¬°Vaya manera de defenderte de algo que ni siquiera es ofensa!
Algo te debiste morderte para no escribirle t√∫ ya cl√°sico ""Eres un pendejo"".
üòÇüòéüòÇüòé",-1
@PedroFerriz @bobadillantonio @INEMexico en este.momento me doy de alta espero me llegue el c√≥digo y tengo 17 personas,1
"@PedroFerriz @DaroldCoronado @INEMexico S√≠ tan s√≥lo uno de cada cuatro firmara...
Es rid√≠culo que tengas m√°s ""recolectores"" que firmas 
¬øQu√© dices a eso?
¬øCrees que todo seguidor lo es porque te respeta por lo menos?
Mira los comentarios, la mayor√≠a son de desprecio y no a favor de tu necia idea.
üòéüòÇüòéüòÇ",-1
@PedroFerriz @INEMexico Quiero un cambio contigo @PedroFerriz,1
"@PedroFerriz Va a pasar lo que en Chihuahua se selecciono un critico del gobierno y al llegar a la silla, no supo que hacer.",-1
"@PedroFerriz @INEMexico Estar√© pendiente, inmediatamente firmar. Gracias.",1
@PedroFerriz @INEMexico Pos hazles firmar!,0
@PedroFerriz @bobadillantonio @INEMexico Pase los c√≥digos. Ingeniero Me gusta su propuesta de poner Orden.  Saludos Colega.,1
@PedroFerriz @INEMexico Donde se puede realizar al firma aut√≥grafa ?? Por aquello de que la aplicaci√≥n les de broncas. Saludos desde Veracruz. Aclaro que a√∫n no me convences pero los partidistas son de lo peor.,1
"@PedroFerriz @alonsoosc @INEMexico Jejejejeje, que respuesta brillante. No me convence a√∫n pero los partidistas est√°n para llorar, a√∫n ver√© la tendencia porque la verdad mi voto lo anular√≠a con o sin independientes no veo esperanza.",0
"@PedroFerriz @INEMexico Bieeen por toda la gente propositiva que quiere apoyar y ponerle un freno a los partidos, a los zombies esos que sigan durmiendo el sue√±o eterno y adorando al mesias.",1
@PedroFerriz Chiquitas hermosas :),1
@PedroFerriz @INEMexico Tu hijo te prejudica hablando mal de amlo,0
@PedroFerriz @esteban03283835 @INEMexico ¬øCu√°ntas firmas llevas? Acu√©rdate que el que se enoja pierde... t√∫ eres experto en eso...,-1
@PedroFerriz @INEMexico ¬øO sea que aceptas  que no pudiste con  las reglas que aceptaste al iniciar?,-1
"@PedroFerriz @INEMexico Porq te pregunto, si despu√©s de la captura en una √∫ltima de las van a verificar bien sabes que no te las van a pasar no, esa es mi duda",0
"@PedroFerriz @DaroldCoronado @INEMexico Eres un mentiroso Ferriz,",-1
@PedroFerriz @INEMexico Usted mintio a su esposa Usted le mentira al Pais.,-1
@PedroFerriz @INEMexico Muy bien Pedro.. esperamos los c√≥digos .. porque el INE sigue en su tarea de obstruir tu acceso a la boleta...,1
"@PedroFerriz @INEMexico Sale me late q me constesto, una pregunta vi una intervenci√≥n de Casta√±eda, despu√©s de la recolecci√≥n de firmas, todav√≠a para por una √∫ltima revisi√≥n o las q llevas est√°n aprobadas en este momento",1
@PedroFerriz @INEMexico Cuentame m√°s Viejillo Cascarrabias Entiende hagas lo que hagas No VAs A Ganar te lleva m√°s ventaja el Pendejo del Bronco üòÇü§£ con sus Bots.,-1
"@PedroFerriz @INEMexico Jajaja veo que si tienes sentido del humor pedrito¬°¬° 
Por que mejor no te dedicas a c√≥mico, seguramente consigues m√°s votos jajajaja.
Es show pedrito no te enojes....",-1
"@PedroFerriz @INEMexico Si me doy cuenta, usted no se da cuenta que no tiene el apoyo ni la gente para ser presidente, deje de culpar instituciones",-1
@PedroFerriz @INEMexico Ok gracias,1
@PedroFerriz @INEMexico No se oye nada el video  q ofreces al pueblo como vandidato independiente se q estas haciendo enciestas,-1
@PedroFerriz @INEMexico Pedro mi c√≥digo con el que capto firmas lo puedo entonces enviar a mis contactos en otros estados y pedirles que bajen la app ingresen el c√≥digo y firmen!!,1
"@PedroFerriz @ivanarturomay @INEMexico En el reporte del @INEMexico al d√≠a 13 de noviembre a las 6:00 hrs aparecen SOLAMENTE REGISTRADAS 28,047 firmas que significan un 3.2% de avance",0
@PedroFerriz Necesito saber donde llevo mi firma aqu√≠ en Zapopan Jalisco,1
@PedroFerriz @INEMexico No me ha llegado el c√≥digo Pedro!!!,1
@PedroFerriz @INEMexico PREGUNTA: Y como para cuando enviar√° al @INEMexico su registro de operaciones e importes de ingresos y gastos ?? Exige pero no cumple,-1
"@PedroFerriz @INEMexico Que triste que queremos hacer algo diferente y caigamos en esto, los independientes tenemos la responsabilidad de trabajar de una forma honesta",1
@PedroFerriz @INEMexico Poco poder de convocatoria...,-1
@PedroFerriz @INEMexico Espero el c√≥digo :),1
@PedroFerriz @ivanarturomay @INEMexico Es correcto,1
"@PedroFerriz @INEMexico es ya muy evidente que la inclusion de independientes es la apuesta del PRI a la fragmentacion del voto, mejor seria que si de verdad quieren cambiar este pais lo primero seria quitar a los que estan y llevarlos a juicio, sumar no dividir",1
"@PedroFerriz Hola Pedro.
Estoy muy interesado en tu candidatura, pero me gustar√≠a saber tu opini√≥n sobre algunos temas en particular. Me podr√≠as proporcionar alguna cuenta de correo donde pueda hacerte llegar mis inquietudes y as√≠ poder ejercer un voto m√°s razonado?
Gracias",1
"@PedroFerriz @INEMexico Perfecto! Espero el c√≥digo para firmarlo, adelante @PedroFerriz  !",1
"@PedroFerriz @INEMexico Adelante Pedro, si podremos",1
@PedroFerriz @INEMexico Pues si ... todos coludos o todos rabones ... no ???üëçüèºüëçüèº,-1
"@PedroFerriz @INEMexico Ya te tardaste Pedro, act√∫a",-1
"@PedroFerriz @INEMexico Pobrecito, ay√∫denlo por el amor de dios",1
@PedroFerriz @INEMexico Excelente,1
@PedroFerriz @INEMexico Perfecto! As√≠ podr√°s responsabilizar de tu escandaloso fracaso a otros!,-1
@PedroFerriz @INEMexico #ferrizdeconpresidente,1
"@PedroFerriz Me ca√≠ usted bien.... como comunicador. Pero a ra√≠z de toda la informaci√≥n concerniente a sus deslices amorosos con su querida y la forma de pendejear a las personas que osan discrepar con usted, creo, desde mi muy personal punto de vista que usted no representa ning√∫n cambio",-1
"@PedroFerriz @INEMexico Me gusta pedro ferriz para presidente !!
Pero de algun club de fans de jose jose...",1
"@PedroFerriz @INEMexico Vamos a hacer el cambio, edpeeamos los c√≥digos para compartirlos en Chiapas hay muchos que creemos que √©ste cambio ser√° una realidad",1
@PedroFerriz @INEMexico Cuantas necesitas?,1
@PedroFerriz @chuga40,0
@PedroFerriz @ivanarturomay @INEMexico Pero entendiste,0
@PedroFerriz ya retirarte por favor,-1